headline,keywords
Former N.F.L. Cheerleaders’ Settlement Offer: $1 and a Meeting With Goodell,"['Workplace Hazards and Violations', 'Football', 'Cheerleaders', 'Discrimination', 'Sexual Harassment', 'National Football League', 'Davis, Bailey', 'Goodell, Roger']"
E.P.A. to Unveil a New Rule. Its Effect: Less Science in Policymaking.,"['Environmental Protection Agency', 'Pruitt, Scott', 'United States Politics and Government', 'Research']"
"The New Noma, Explained","['Restaurants', 'Noma (Copenhagen, Restaurant)', 'Redzepi, Rene', 'Copenhagen (Denmark)']"
Unknown,"['Macron, Emmanuel (1977- )', 'Trump, Donald J', 'White House Building (Washington, DC)', 'Defense and Military Forces', 'United Nations Framework Convention on Climate Change', 'United States Defense and Military Forces', 'Macron, Brigitte', 'Trump, Melania', 'Iran']"
Unknown,"['Toronto, Ontario, Attack (April, 2018)', 'Murders, Attempted Murders and Homicides', 'Minassian, Alek', 'Toronto (Ontario)']"
Unknown,"['United States Politics and Government', 'Veterans', 'Appointments and Executive Changes', 'Veterans Affairs Department', 'Jackson, Ronny L', 'Trump, Donald J']"
Unknown,[]
Unknown,"['Presidential Election of 2016', 'Proceedings of the National Academy of Sciences', 'Trump, Donald J', 'Research']"
How a Bag of Texas Dirt  Became a Times Tradition,"['Texas', 'Soil', 'Pregnancy and Childbirth', 'New York Times']"
Is School a Place for Self-Expression?,[]
Commuter Reprogramming,"['Bicycles and Bicycling', 'Google Maps', 'Commuting']"
Unknown,['New York City']
Unknown,"['Interior Design and Furnishings', 'Real Estate and Housing (Residential)', 'Home Repairs and Improvements', 'East Hampton (NY)']"
"Ford Changed Leaders, Looking for a Lift. It’s Still Looking.","['Hackett, Jim', 'Ford Motor Co', 'Automobiles', 'Sports Utility Vehicles and Light Trucks', 'Trucks and Trucking']"
"Romney Failed to Win at Utah Convention, But Few Believe He’s Doomed","['Romney, Mitt', 'Elections, Senate', 'Utah', 'Republican Party', 'Trump, Donald J']"
Chain Reaction,"['Social Media', 'Conservatism (US Politics)', 'Bone, Kenneth (1982- )', 'Damore, James', 'Lipset, Seymour Martin']"
He Forced the Vatican to Investigate Sex Abuse. Now He’s Meeting With Pope Francis.,"['Francis', 'Roman Catholic Church', 'Karadima, Fernando', 'Sex Crimes', 'Priests', 'Pell, George (1941- )', 'Chile']"
"In Berlin, artists find a home","['Art', 'Berlin (Germany)', 'Ai Weiwei', 'Biesenbach, Klaus', 'Scully, Sean']"
Unknown,"['Gun Control', 'Parkland, Fla, Shooting (2018)', 'National Rifle Assn', 'Giffords, Gabrielle', 'Firearms', 'Demonstrations, Protests and Riots', 'School Shootings and Armed Attacks']"
The Right Stuff,"['Books and Literature', 'Musk, Elon', 'Bezos, Jeffrey P', 'Space and Astronomy', 'Private Spaceflight', 'Innovation', 'Space Shuttles', 'Blue Origin', 'Space Exploration Technologies Corp', 'Virgin Galactic', 'Branson, Richard']"
Jimmy Carter Knows What North Korea Wants,"['United States International Relations', 'Politics and Government', 'Cold War Era', 'War Crimes, Genocide and Crimes Against Humanity']"
The Truth Is Out There,"['Russian Interference in 2016 US Elections and Ties to Trump Associates', 'House Committee on Intelligence', 'Nunes, Devin G', 'Trump, Donald J', 'Azores Islands']"
New Jersey Ruling Could Reignite Battle Over Church-State Separation,"['Religion-State Relations', 'Morristown (NJ)', 'Supreme Court (US)', 'Trinity Lutheran Church (Columbia, Mo)', 'Decisions and Verdicts', 'Churches (Buildings)', 'Rabner, Stuart J', 'Roberts, John G Jr']"
Procrastinating,[]
Word + Quiz: dilatory,[]
My Life-Threatening Bout With E. Coli Food Poisoning,"['Kidneys', 'Food Contamination and Poisoning', 'Hospitals', 'Antibiotics', 'Bacteria', 'Dialysis', 'E Coli (Bacteria)', 'Infections']"
"Choosing Brexit, a Town Yearned for Its Seafaring Past, and Muddied Its Future","['Grimsby (England)', 'International Trade and World Market', 'Fishing, Commercial', 'Referendums', 'Great Britain Withdrawal from EU (Brexit)', 'European Union']"
A Quote Disproved,"['Crossword Puzzles', 'Ellis, Bret Easton', 'Elba, Idris', 'Gooding, Cuba Jr', 'Ellis Island (NYC)', 'Cuba']"
Hot Stuff Turns Cold,"['Theater', 'Lunt-Fontanne Theater', 'Summer: The Donna Summer Musical (Play)', 'Summer, Donna', 'Mcanuff, Des', 'Trujillo, Sergio', 'Domingo, Colman', 'Cary, Robert']"
"At the Top, The Pay Gap May Be Gone","['Discrimination', 'Executive Compensation', 'Wages and Salaries']"
"Years of Bizarre Behavior, but He Got Guns Back","['Reinking, Travis (1989- )', 'Gun Control', 'Waffle House', 'Nashville (Tenn)', 'Law and Legislation', 'Murders, Attempted Murders and Homicides', 'Bureau of Alcohol, Tobacco and Firearms']"
Will the Court Stand Up to Mr. Trump?,"['Immigration and Emigration', 'Refugees and Displaced Persons', 'Executive Orders and Memorandums', 'United States Politics and Government', 'Muslim Americans', 'Trump, Donald J', 'Sessions, Jefferson B III']"
Hope in Arizona,"['Elections, House of Representatives', 'Presidential Election of 2016', 'State Legislatures', 'Franks, Trent', 'Lesko, Debbie (1958- )', 'Arizona', 'Democratic Party', 'Women and Girls', 'United States Politics and Government', 'Republican Party', 'Trump, Donald J']"
How Human Rights Groups Failed on Economic Equality,"['Human Rights and Human Rights Violations', 'Income Inequality', 'Cold War Era', 'Philanthropy', 'Human Rights Watch', 'Amnesty International', 'United Nations']"
An American Tragedy in Nashville,"['Gun Control', 'Murders, Attempted Murders and Homicides', 'Waffle House', 'Nashville (Tenn)', 'Reinking, Travis (1989- )', 'Tennessee']"
We Don’t Need No Education,"['Teachers and School Employees', 'Taxation', 'United States Politics and Government', 'Conservatism (US Politics)', 'Republican Party', 'Bevin, Matthew', 'Kentucky', 'Tea Party Movement', 'Local Government', 'States (US)']"
"Paul Relents, And Pompeo Is Approved By Panel","['Pompeo, Mike', 'State Department', 'Senate Committee on Foreign Relations', 'United States Politics and Government', 'United States International Relations', 'Central Intelligence Agency', 'Trump, Donald J', 'Paul, Rand', 'Appointments and Executive Changes']"
Making Change,['New York City']
"Long Overlooked, City Buses Get Some Love in Turnaround Push","['Buses', 'Transit Systems', 'Metropolitan Transportation Authority', 'Straphangers Campaign', 'New Jersey Transit', 'Commuting', 'New York City', 'New Jersey', 'Cuomo, Andrew M', 'Murphy, Philip D (1957- )', 'Byford, Andrew']"
"Trump’s First State Dinner Nods to Traditions and Bucks Them, Too","['United States Politics and Government', 'United States International Relations', 'Trump, Melania', 'Trump, Donald J', 'Macron, Emmanuel (1977- )']"
Money Pouring Into Wisconsin For a Key Race  ,"['Wisconsin', 'Elections, Senate', 'Midterm Elections (2018)', 'Campaign Finance', 'Baldwin, Tammy Suzanne Green', 'Nicholson, Kevin (1977- )', 'Uihlein, Richard']"
"For Trump and Kim, High Stakes and Mismatched Motives","['North Korea', 'Trump, Donald J', 'Kim Jong-un', 'United States International Relations', 'Arms Control and Limitation and Disarmament', 'Nuclear Weapons', 'Nuclear Tests']"
"On Sidewalk, Van Cuts Down 10 in Toronto","['Toronto (Ontario)', 'Toronto, Ontario, Attack (April, 2018)', 'Minassian, Alek']"
A Pope Given to Apologies Has Nothing for Indigenous Canada,"['Francis', 'Indigenous People', 'Canada', 'Apologies', 'Roman Catholic Church']"
Europe’s Leaders Will Urge Trump To Save Iran Deal,"['Trump, Donald J', 'Macron, Emmanuel (1977- )', 'Nuclear Weapons', 'Iran', 'Zarif, Mohammad Javad', 'United States International Relations', 'European Union', 'France']"
"Craft Distillers, Facing Lower Taxes, Invest in Themselves","['Federal Taxes (US)', 'Sales and Excise Taxes', 'Law and Legislation', 'Alcoholic Beverages', 'United States', 'New York Distilling Co', 'St George Spirits Inc', 'Lobbying and Lobbyists']"
"‘Avengers,’ the Most Lucrative Movie Franchise Ever, Is Wrapping Up. Why?","['Movies', 'Marvel Studios', 'Russo, Anthony', 'Feige, Kevin', 'Russo, Joe', 'Downey, Robert Jr', 'Avengers: Infinity War (Movie)']"
Taking On Genital Reconstruction,"['Transplants', 'Afghanistan War (2001- )', 'Penis', 'Organ Donation', 'Defense Department', 'Johns Hopkins Hospital (Baltimore, MD)', 'Massachusetts General Hospital', 'United States Defense and Military Forces', 'Surgery and Surgeons', 'Improvised Explosive Devices']"
What the Heck Is That?: UTNE,"['Crossword Puzzles', 'Utne Reader', 'Magazines']"
Unknown,"['Restaurants', 'Mormons (Church of Jesus Christ of Latter-Day Saints)', 'Social Media', 'Missionaries', 'Hawaii', 'Utah']"
Frontier States,"['Books and Literature', 'Brown, Edmund G Jr', 'Brown, Edmund G Sr', 'California']"
"Mirror, Mirror in Denial","['I Feel Pretty (Movie)', 'Beauty (Concept)', 'Women and Girls', 'Movies', 'Campbell, Naomi', 'Ratajkowski, Emily', 'Schumer, Amy']"
Unknown,"['Murders, Attempted Murders and Homicides', 'Nashville (Tenn)', 'Reinking, Travis (1989- )', 'Waffle House']"
Unknown,[]
Patron Who Wrested Rifle Says He Was ‘Just Trying to Live’,"['Reinking, Travis (1989- )', 'Waffle House', 'Murders, Attempted Murders and Homicides', 'Nashville (Tenn)', 'Shaw, James Jr (1988- )', 'internal-national collaboration']"
"Richard Carranza: ‘As the Chancellor, I Ultimately Own Everything’","['Education (K-12)', 'Segregation and Desegregation', 'Carranza, Richard A', 'New York City', 'Education Department (NYC)']"
Unknown,['New York City']
"Helping Kids With A.D.H.D., and Their Families, Thrive","['Children and Childhood', 'Attention Deficit Hyperactivity Disorder', 'Parenting', 'Anxiety and Stress', 'Families and Family Life']"
The Debate Persists Over G.M.O. Foods,"['Genetically Modified Food (GMOs)', 'Genetic Engineering', 'Biotechnology and Bioengineering', 'Agriculture and Farming']"
So Long to Music City’s Favorite Soap Opera,"['Television', 'Country Music Television', 'Nashville (Tenn)']"
It’s Westworld. What’s Wrong With Cruelty to Robots?,"['Robots and Robotics', 'Artificial Intelligence', 'Ethics (Personal)', 'Westworld (TV Program)']"
"What’s Going On in This Picture? | April 23, 2018",[]
Against All Odds,"['FOXG1 Syndrome', 'Genetics and Heredity', 'Brain', 'Birth Defects', 'Oregon Health and Science University', 'Lee, Soo-Kyung', 'Research']"
Shopping for Multilevel Coffee Tables,"['Tables', 'Furniture', 'Real Estate and Housing (Residential)', 'Interior Design and Furnishings']"
The Whisky Chronicles,"['Scotch (Whiskey)', 'Travel and Vacations', 'Islay (Scotland)']"
Officials’ New Plan to Fix Subway: Let’s Use Unproven Technology,"['Transit Systems', 'Subways', 'Wireless Communications', 'Metropolitan Transportation Authority', 'Regional Plan Assn', 'Cuomo, Andrew M', 'Lhota, Joseph J', 'New York City', 'Barone, Richard']"
Cancer Label On Coffee Has Its Own Risks,"['Coffee', 'Cancer', 'California', 'Labeling and Labels (Product)', 'Hazardous and Toxic Substances']"
A Special Delivery In Britain: It’s a Prince,"['Catherine, Duchess of Cambridge', 'William, Duke of Cambridge', 'Great Britain', 'Royal Families', 'Babies and Infants']"
"Setting Tone for Post-Presidency, Obama Will Share Message of Tolerance","['Obama, Barack', 'Speeches and Statements', 'South Africa', 'Youth', 'Mandela, Nelson', 'Rhodes, Benjamin J', 'Obama Foundation']"
"For Politicians Scraping Bottom, a Scarce Resource: Impeachment Lawyers","['Garber, Ross H', 'Impeachment', 'Legal Profession', 'Governors (US)', 'Senate', 'Greitens, Eric', 'Missouri', 'Bentley, Robert J', 'Alabama', 'Blagojevich, Rod R', 'Illinois', 'Rowland, John G', 'Connecticut']"
The One Fight This Referee Won’t Stop,"['Officiating (Sports)', 'Homosexuality and Bisexuality', 'Hockey, Ice', 'East Coast Hockey League (ECHL)', 'Discrimination', 'Barone, Andrea']"
How Do You Feel About Being Told to Smile?,[]
"Sudan Blocks Migrants’ Path, Aiding Europe","['Sudan', 'European Union', 'Refugees and Displaced Persons', 'Middle East and Africa Migrant Crisis', 'Immigration and Emigration', 'War Crimes, Genocide and Crimes Against Humanity', 'Human Rights and Human Rights Violations', 'Janjaweed', 'Darfur (Sudan)', 'Libya']"
‘A Peaceful Mood’ as the 2 Koreas Meet,"['Defense and Military Forces', 'Propaganda', 'Kim Jong-un', 'Moon Jae-in', 'Korean Demilitarized Zone', 'North Korea', 'Panmunjom (South Korea)', 'South Korea']"
"‘Billions’ Season 3, Episode 5 Recap: The Family We Choose","['Television', 'Billions (TV Program)']"
‘Westworld’ Season 2 Premiere: Truth and Consequences,"['Television', 'Westworld (TV Program)']"
His Majesty of Magic,"['Theater', 'Harry Potter and the Cursed Child (Play)', 'Rowling, J K', 'Parker, Jamie (1979- )', 'Dumezweni, Noma (1969- )', 'Tiffany, John (1971- )', 'Thorne, Jack (1978- )']"
"Rhyme Gone Wild, in a 1738 Kind of Way","['Theater', 'The Metromaniacs (Play)', 'Shakespeare Theater Co', 'Ives, David', 'Kahn, Michael', 'Piron, Alexis (1689-1733)', 'Red Bull Theater']"
Public Servants Losing Foothold In Middle Class,"['Government Employees', 'States (US)', 'Local Government', 'Taxation', 'Labor and Jobs', 'Wages and Salaries', 'Budgets and Budgeting', 'Oklahoma', 'Layoffs and Job Reductions']"
A Time for  Big Economic  Ideas,"['United States Economy', 'United States Politics and Government', 'Labor and Jobs', 'Income Inequality', 'Wages and Salaries', 'Health Insurance and Managed Care', 'Medicare', 'Minimum Wage', ""Great Depression (1930's)"", 'Social Security (US)', 'Medicaid', 'Democratic Party', 'Gillibrand, Kirsten E', 'Lamb, Conor J (1984- )', 'Trump, Donald J']"
"Thank Trump, or You’ll Be Sorry","['United States Politics and Government', 'Roman Civilization', 'Trump, Donald J', 'Corruption (Institutional)']"
Mr. Mueller’s Swamp Guide,"['Mueller, Robert S III', 'Russian Interference in 2016 US Elections and Ties to Trump Associates', 'Criminal Justice', 'Justice Department', 'Corruption (Institutional)', 'Lobbying and Lobbyists', 'Manafort, Paul J', 'Cohen, Michael D (1966- )', 'Trump, Donald J', 'Skadden, Arps, Slate, Meagher & Flom LLP', 'Boies, David', 'Gates, Richard W III (1972- )', 'Podesta, Tony', 'Pruitt, Scott']"
America  Abhors  Impeachment,"['United States Politics and Government', 'Impeachment', 'Trump, Donald J', 'Presidents and Presidency (US)', 'Clinton, Bill', 'Watergate Affair', 'Nixon, Richard Milhous', 'Johnson, Andrew', 'Reconstruction Era', 'Republican Party', 'House of Representatives', 'Senate', 'Polls and Public Opinion']"
Missing History at Columbia,"['Colleges and Universities', 'Demonstrations, Protests and Riots', 'Blacks', 'Students for a Democratic Society', 'Columbia University', 'Nineteen Hundred Sixties']"
Buried in the Gaza Graveyard Where He Played Dead,"['Palestinians', 'Gaza Strip']"
Lead Off,"['Crossword Puzzles', 'Lempel, Lynn']"
Sidewalk Rescue,"['Lamps and Lampshades', 'New York City']"
Cuomo vs. de Blasio: One of the Country’s Ugliest Political Feuds,"['Cuomo, Andrew M', 'de Blasio, Bill', 'Democratic Party', 'New York State', 'New York City', 'Politics and Government']"
Dodging Tariffs With a Handy Detour,"['China', 'Trump, Donald J', 'International Trade and World Market', 'Customs (Tariff)']"
Steel Tariffs and Wages (Painfully Wonkish),"['International Trade and World Market', 'Protectionism (Trade)', 'Trump, Donald J']"
China Left Out As Kim Plans To Talk to Foes,"['China', 'United States International Relations', 'North Korea', 'South Korea', 'Korean War', 'Embargoes and Sanctions', 'Kim Jong-un', 'Trump, Donald J', 'Xi Jinping', 'Moon Jae-in']"
A Tribute to Uwe Reinhardt,"['Health Insurance and Managed Care', 'Reinhardt, Uwe E']"
Unknown,"['Monuments and Memorials (Structures)', 'New York City', 'Fistulas', 'Sims, J Marion']"
"Revisiting the Open Era’s Forgotten Home, Still Cold and Wet","['Tennis', 'Emerson, Roy (1936- )', 'Laver, Rod', 'Rosewall, Ken']"
Pluses and Minuses,['Crossword Puzzles']
A Survival Bid  By Rosenstein  May Be Costly,"['Rosenstein, Rod J', 'Justice Department', 'Russian Interference in 2016 US Elections and Ties to Trump Associates', 'United States Politics and Government', 'Mueller, Robert S III', 'Special Prosecutors (Independent Counsel)', 'Classified Information and State Secrets', 'Federal Bureau of Investigation', 'House of Representatives', 'Sessions, Jefferson B III', 'Trump, Donald J']"
The Opioid Crisis Foretold,"['Opioids and Opiates', 'Drug Abuse and Traffic', 'United States Politics and Government', 'Epidemics', 'Acquired Immune Deficiency Syndrome', 'Purdue Pharma']"
The Business Deals That Could Imperil Trump,"['Trump, Donald J', 'Russian Interference in 2016 US Elections and Ties to Trump Associates', 'Presidential Election of 2016', 'Money Laundering', 'Real Estate (Commercial)', 'Foreign Corrupt Practices Act (1977)', 'Trump Organization', 'Trump International Hotel and Tower (Panama City, Panama)', 'Trump SoHo (Manhattan, NY, Hotel)', 'Cohen, Michael D (1966- )', 'Mueller, Robert S III', 'Steele, Christopher (1964- )', 'United States Politics and Government']"
Adapting to American Decline,"['United States International Relations', 'United States Defense and Military Forces', 'United States Politics and Government', 'South Korea', 'North Korea', 'Trump, Donald J']"
The Republicans’ Big Senate Mess,"['United States Politics and Government', 'Elections, Senate', 'Republican Party', 'Midterm Elections (2018)']"
States Are Doing What Scott Pruitt Won’t,"['Water Pollution', 'Hazardous and Toxic Substances', 'Environmental Protection Agency']"
"Fake Pearls, Real Heart","['Bush, Barbara', 'Bush, George', 'United States Politics and Government']"
Fear Beyond Starbucks,"['Race and Ethnicity', 'Blacks', 'Discrimination', 'Whites', 'Police', 'Police Department (NYC)']"
Variety: Puns and Anagrams,['Crossword Puzzles']
E.P.A. Chief’s Ethics Woes Have Echoes in His Past,"['Pruitt, Scott', 'Environmental Protection Agency', 'Ethics and Official Misconduct', 'Oklahoma', 'Politics and Government', 'Lobbying and Lobbyists', 'State Legislatures', 'Republican Party', 'Oklahoma City (Okla)', 'Tulsa (Okla)', 'United States Politics and Government']"
Democrats Push Some To Bow Out,"['California', 'Midterm Elections (2018)', 'Democratic Party', 'Elections, House of Representatives', 'Endorsements', 'Democratic Congressional Campaign Committee', 'Tran, Mai Khanh', 'Cisneros, Gil']"
Where Facebook Rumors Fuel Thirst for Revenge,"['Facebook Inc', 'Politics and Government', 'Rumors and Misinformation', 'News and News Media', 'Sri Lanka', 'Demonstrations, Protests and Riots', 'Sinhalese (Ethnic Group)', 'Muslims and Islam', 'Buddhism', 'WhatsApp Inc', 'Social Media']"
The House Next Door Is an Airbnb. Here’s What You Can Do About It.,"['Renting and Leasing (Real Estate)', 'Real Estate and Housing (Residential)', 'Airbnb']"
Punch the Air,['Crossword Puzzles']
"Caution, Babies Voting","['Duckworth, L Tammy', 'Senate', 'Klobuchar, Amy', 'Gillibrand, Kirsten E', 'Child Care', 'United States Politics and Government']"
Childbirth’s Dangers for Black Women,"['Blacks', 'Pregnancy and Childbirth', 'Discrimination', 'Hospitals', 'Emergency Medical Treatment', 'Midwives and Doulas', 'Deaths (Fatalities)']"
A Man Set Himself on Fire. We Barely Noticed.,"['Global Warming', 'Buckel, David S (1957-2018)', 'Immolation', 'Zomba (Malawi)', 'Parks and Other Recreation Areas']"
Why Men Quit and Women Don’t,"['Women and Girls', 'Boston Marathon', 'Marathon Running', 'Linden, Desiree (1983- )']"
Jewish Power At 70 Years,"['Israel', 'Defense and Military Forces', 'Jews and Judaism', 'Politics and Government', 'Holocaust and the Nazi Era', 'Palestinians', 'Gaza Strip', 'Border Barriers', 'Anti-Semitism', 'Berlin (Germany)', 'Europe']"
Here to Help; A Word on Phrasing: ‘Just Deserts’,"['Spelling', 'Wells Fargo & Company']"
It’s Curtains for ‘Gypsy’,"['Theater', 'Discrimination', 'Awards, Decorations and Honors', 'Actors Equity Assn', 'Broadway Cares/Equity Fights AIDS', 'Romani People']"
Punching Bag  For President  Now Has Clout,"['Cohen, Michael D (1966- )', 'Trump, Donald J', 'Russian Interference in 2016 US Elections and Ties to Trump Associates', 'United States Politics and Government']"
A Provocateur in a Blood-Dripping Appearance,"['Theater', 'Esta Breve Tragedia de la Carne (This Brief Tragedy of the Flesh) (Play)', 'Liddell, Angelica', 'Kasser, Alexander, Theater']"
Democratic Party Files a Lawsuit Alleging a Trump-Russia Conspiracy,"['Democratic National Committee', 'Suits and Litigation (Civil)', 'United States Politics and Government', 'Russian Interference in 2016 US Elections and Ties to Trump Associates', 'Presidential Election of 2016', 'Classified Information and State Secrets', 'WikiLeaks', 'Assange, Julian P', 'Trump, Donald J', 'Kushner, Jared', 'Manafort, Paul J', 'Papadopoulos, George (1987- )', 'Stone, Roger J Jr', 'Trump, Donald J Jr']"
Unknown,"['Cooking and Cookbooks', 'Pasta', 'Recipes']"
Justice Dept. Is Seen as Divided On Rights Case in Garner Killing,"['Garner, Eric', 'Pantaleo, Daniel', 'Police Brutality, Misconduct and Shootings', 'Staten Island (NYC)', 'Civil Rights and Liberties', 'Justice Department', 'Rosenstein, Rod J', 'United States Politics and Government']"
‘They Were Never Going To Let Me Be President’,"['Russian Interference in 2016 US Elections and Ties to Trump Associates', 'United States Politics and Government', 'Presidential Election of 2016', 'News and News Media', 'New York Times', 'Trump, Donald J', 'Clinton, Hillary Rodham']"
‘Full-On Propaganda’ From Inside C.I.A. on Pick for Director,"['Haspel, Gina', 'Central Intelligence Agency', 'Appointments and Executive Changes', 'United States Politics and Government', 'Torture', 'Espionage and Intelligence Services']"
Unknown,"['Cooking and Cookbooks', 'Grapefruit', 'Cakes']"
Two Twisting Towers Come to the Far West Side,"['Real Estate and Housing (Residential)', 'Architecture', 'High Line (Manhattan, NY)', 'Ingels, Bjarke', 'Chelsea (Manhattan, NY)']"
"With Deal, Wells Fargo Will Pay Big Penalty","['Wells Fargo & Company', 'Consumer Financial Protection Bureau', 'Office of the Comptroller of the Currency', 'Fines (Penalties)', 'Mortgages', 'Automobile Insurance and Liability']"
"Once Known for Mayhem, East New York Is a ‘Killing Fields’ No More","['East New York (Brooklyn, NY)', 'Murders, Attempted Murders and Homicides', 'Police Department (NYC)']"
Unknown,[]
A Familiar Place Becomes Home,"['Real Estate and Housing (Residential)', 'Renting and Leasing (Real Estate)', 'Rent Control and Stabilization', 'Harlem (Manhattan, NY)', 'Death and Dying', 'Friendship']"
"‘RuPaul’s Drag Race’: Season 10, Episode 5: Getting to 50","[""RuPaul's Drag Race (TV Program)"", 'Television']"
Unknown,"['Heart', 'Tests (Medical)', ""O'Donnell, Rosie""]"
Unknown,['New York City']
Nobody Tells You How Long a Marriage Is,"['Marriages', 'Infertility', 'Families and Family Life', 'Cancer']"
"Big Egos, Politics And Lack Of Trust","['Comey, James B', 'Federal Bureau of Investigation', 'Russian Interference in 2016 US Elections and Ties to Trump Associates', 'Trump, Donald J']"
Cynthia Nixon Can Save the Democrats (From Themselves),"['Politics and Government', 'Elections, State Legislature', 'State Legislatures', 'Nixon, Cynthia', 'Cuomo, Andrew M', 'Teachout, Zephyr', 'New York State', 'New York City', 'Sanders, Bernard', 'Democratic Party', 'Working Families Party']"
Unknown,"['Jarrar, Randa', 'Freedom of Speech and Expression', 'Colleges and Universities', 'Fresno State University', 'First Amendment (US Constitution)', 'Women and Girls', 'Bush, Barbara']"
The Repetitive Insanity Along the Gaza Fence,"['Defense and Military Forces', 'Politics and Government', 'Arab-Israeli War (1967)', 'Palestinians', 'Civilian Casualties', 'Border Barriers', 'Embargoes and Sanctions', 'Hamas', 'Mossad', 'United Nations', 'Rabin, Yitzhak', 'Trump, Donald J', 'Yediot Aharonot', 'Gaza Strip', 'Israel', 'West Bank']"
Can It Happen Here?,"['Books and Literature', 'Fascism: A Warning (Book)', 'Albright, Madeleine K', 'Politics and Government', 'Democracy (Theory and Philosophy)', 'United States Politics and Government']"
North Korean Promise to Hault  Nuclear Testing,"['North Korea', 'Kim Jong-un', 'Nuclear Tests', 'Missiles and Missile Defense Systems', 'United States International Relations', 'International Relations', 'South Korea', 'Moon Jae-in']"
"Four Families, One Mission: Space","['Real Estate and Housing (Residential)', 'Home Repairs and Improvements', 'Carroll Gardens (Brooklyn, NY)', 'East Hanover (NJ)', 'Bedford-Stuyvesant (Brooklyn, NY)']"
Candidates Are Embracing the ‘S’ Word,"['Bynum, Franklin', 'Elections, Courts and the Judiciary', 'Socialism (Theory and Philosophy)', 'Democratic Socialists of America', 'Midterm Elections (2018)', 'Houston (Tex)', 'Harris County (Tex)', 'Democratic Party']"
G.O.P. Support Shows Cracks as Scott Pruitt’s Ethics Inquiries Widen ,"['United States Politics and Government', 'Ethics and Official Misconduct', 'Environmental Protection Agency', 'House of Representatives', 'Barrasso, John', 'Senate', 'Boozman, John', 'Cassidy, Bill (1957- )', 'Gowdy, Trey', 'Pruitt, Scott', 'Trump, Donald J']"
Can Sanctions Push the North Into Reforms?,"['North Korea', 'Kim Jong-un', 'Embargoes and Sanctions', 'Nuclear Weapons', 'Smuggling', 'China', 'United States International Relations']"
Extra! Extra! He’s Still Selling,"['Newspapers', 'Newsdealers and Newsstands', 'Freelancing, Self-Employment and Independent Contracting', 'Upper West Side (Manhattan, NY)']"
Stephen Colbert Doesn’t Want to Know More About Trump’s Sex Life,"['Colbert, Stephen', 'Corden, James (1978- )', 'McDougal, Karen (1971- )', 'Fallon, Jimmy', 'Kim Jong-un', 'Trump, Donald J', 'Late Show with Stephen Colbert (TV Program)', 'The Tonight Show (TV Program)']"
Turning to Marijuana for a Runners’ High and More,"['Marijuana', 'Cannabis Foods and Products', 'Running', 'Ultramarathon Running', 'Doping (Sports)']"
Tarot Card Reading,"['New York Times', 'Photography', 'Reading and Writing Skills (Education)', 'Education (K-12)']"
Is Your School’s Dress Code Too Strict?,"['New York Times', 'Education (K-12)', 'Reading and Writing Skills (Education)', 'News and News Media', 'Women and Girls']"
Unknown,"['United States Politics and Government', 'Russian Interference in 2016 US Elections and Ties to Trump Associates', 'Presidential Election of 2016', 'Classified Information and State Secrets', 'Wiretapping and Other Eavesdropping Devices and Methods']"
Teaching Activities for: “Southwest Pilot of Flight 1380 Is Navy Veteran Hailed for Her ‘Nerves of Steel’”,"['New York Times', 'Reading and Writing Skills (Education)', 'Education (K-12)', 'News and News Media']"
Global Track-and-Field Ban on Russia Shows No Sign of Letting Up. Here’s Why.,"['Olympic Games (2014)', 'Track and Field', 'World Anti-Doping Agency', 'International Assn of Athletics Federations', 'Coe, Sebastian', 'Reedie, Craig', 'Rodchenkov, Grigory']"
"‘Atlanta’ Season 2, Episode 8 Recap: Is Al Finally Ready to be Paper Boi?","['Television', 'Atlanta (TV Program)']"
The Place of Today’s Puzzle,"['Crossword Puzzles', 'Puzzles']"
Redacted Comey Memos Delivered to Lawmakers,"['Comey, James B', 'United States Politics and Government', 'Justice Department', 'Federal Bureau of Investigation', 'Flynn, Michael T', 'Mueller, Robert S III', 'Trump, Donald J']"
Eliza’s in Charge This Time,"['Theater', 'Lincoln Center Theater', 'My Fair Lady (Play)', 'Shaw, George Bernard', 'Lerner, Alan Jay', 'Loewe, Frederick', 'Sher, Bartlett', 'Ambrose, Lauren', 'Hadden-Paton, Harry', 'Butz, Norbert Leo']"
The Equal Rights Amendment Returns,"['Equal Rights Amendment', ""Women's Rights"", 'Discrimination', '#MeToo Movement', 'Constitution (US)', 'Trump, Donald J', 'United States Politics and Government']"
The Great Snake Oil Slump,"['United States Politics and Government', 'Taxation', 'Tax Cuts and Jobs Act (2017)', 'Republican Party', 'Democratic Party', 'Trump, Donald J']"
Is Russia Sponsoring Terrorism?,"['Russia', 'Putin, Vladimir V', 'Terrorism', 'Russian Interference in 2016 US Elections and Ties to Trump Associates', 'United States International Relations']"
Dawn at the Fulton Fish Market,"['Writing and Writers', 'Lobsters', 'Sarah Lawrence College', 'New York City']"
‘Deceived and Betrayed’ Parents Of Slain Children Urge Résumé Law,"['Child Care', 'Ortega, Yoselyn', 'Murders, Attempted Murders and Homicides', 'Regulation and Deregulation of Industry', 'Upper West Side (Manhattan, NY)']"
Giuliani to Lend Legal Firepower As Trump’s Team Adds Lawyers,"['Trump, Donald J', 'Giuliani, Rudolph W', 'Sekulow, Jay Alan', 'Russian Interference in 2016 US Elections and Ties to Trump Associates', 'Mueller, Robert S III', 'Special Prosecutors (Independent Counsel)', 'United States Politics and Government']"
The Parallels in Jake Tapper’s New Novel,"['Books and Literature', 'The Hellfire Club (Book)', 'Tapper, Jake', 'Writing and Writers', 'CNN', 'News and News Media', 'United States Politics and Government', 'Trump, Donald J']"
Olivia Pope’s Pantsuit Nation,"['Blacks', 'Women and Girls', 'Television', 'ABC Inc', 'Rhimes, Shonda', 'Washington, Kerry', 'Winfrey, Oprah', 'Scandal (TV Program)']"
Teaching With: ‘Fashion vs. Art’,[]
Officials to Lay a $1 Billion Fine on Wells Fargo,"['Wells Fargo & Company', 'Fines (Penalties)', 'Regulation and Deregulation of Industry', 'Banking and Financial Institutions', 'Consumer Financial Protection Bureau', 'Office of the Comptroller of the Currency', 'Trump, Donald J', 'United States Politics and Government', 'Mulvaney, Mick']"
Armstrong Agrees to Pay $5 Million In Fraud Case,"['Armstrong, Lance', 'Tour de France (Bicycle Race)', 'Doping (Sports)', 'Postal Service (US)', 'Landis, Floyd', 'Suits and Litigation (Civil)']"
When Is It Safe to Eat Salad Again?,"['Salads', 'Food Contamination and Poisoning', 'Lettuce', 'Hygiene and Cleanliness', 'Salmonella (Bacteria)', 'Restaurants', 'Agriculture and Farming', 'E Coli (Bacteria)']"
Case of Ex-F.B.I. Deputy Chief Is Sent for Possible Prosecution,"['McCabe, Andrew G', 'Federal Bureau of Investigation', 'Horowitz, Michael E', 'Inspectors General', 'Justice Department', 'United States Politics and Government', 'Trump, Donald J', 'Comey, James B']"
The Problem With Miracle Cancer Cures,"['Cancer', 'Immunotherapy', 'Hospice Care', 'Death and Dying']"
"At Ho Foods, a Noodle Soup That Nourishes and Transports","['Restaurants', 'East Village (Manhattan, NY)', 'Noodles']"
Pediatrician Who Gave Asperger Syndrome Its Name Is Tied to Nazi Killing of Children,"['Asperger, Hans', 'Czech, Herwig', 'Molecular Autism (Journal)', ""Asperger's Syndrome"", 'Holocaust and the Nazi Era']"
Bodies Remodeled for a Life at Sea,"['Genetics and Heredity', 'Evolution (Biology)', 'Diving and Divers', 'Spleen', 'Archaeology and Anthropology', 'Cell (Journal)', 'University of California, Berkeley', 'University of Copenhagen', 'Nielsen, Rasmus', 'Far East, South and Southeast Asia and Pacific Areas']"
"A New Restaurant, Frenchette, Stands Up for Natural Wines","['Wines', 'Champagne (Wine)', 'Restaurants', 'Wine Bars', 'Frenchette (Manhattan, NY, Restaurant)', 'Minetta Tavern (Manhattan, NY, Restaurant)', 'Wildair (Manhattan, NY, Bar)', 'Hanson, Lee', 'Nasr, Riad']"
Men Arrested At Starbucks Hope to Spur Talk on Race,"['Blacks', 'Discrimination', 'Nelson, Rashon (1994- )', 'Robinson, Donte (1994- )', 'Starbucks Corporation', 'Johnson, Kevin R', 'Philadelphia (Pa)']"
What #MeToo Means to Teenagers,"['#MeToo Movement', 'Teenagers and Adolescence', 'Children and Childhood', 'Sexual Harassment', 'Education (K-12)', 'Women and Girls', 'Discrimination', 'Social Media', 'Bullies']"
Here’s $1 Million. Now Make Your Movie.,"['Movies', 'Tribeca Film Festival (NYC)', 'Okoro, Faraday', 'Lagos (Nigeria)', 'Nigerian Prince (Movie)']"
New York City Rent Slide,"['Real Estate and Housing (Residential)', 'Renting and Leasing (Real Estate)', 'Prices (Fares, Fees and Rates)', 'Brooklyn (NYC)', 'Manhattan (NYC)', 'Queens (NYC)']"
"Cuba’s New Leader: Progressive, Hard-Liner, Enigma","['Cuba', 'Diaz-Canal Bermudez, Miguel', 'Politics and Government', 'United States International Relations', 'Castro, Fidel', 'Castro, Raul']"
"In a Hot Global Economy, a Surplus of Frowns","['International Trade and World Market', 'Economic Conditions and Trends', 'Recession and Depression', 'International Monetary Fund', 'Trump, Donald J']"
Unknown,"['Real Estate and Housing (Residential)', 'Northport (NY)', 'North Arlington (NJ)']"
Unknown,[]
An Olive Branch By North Korea Is Viewed Warily,"['North Korea', 'South Korea', 'United States International Relations', 'United States Defense and Military Forces', 'Arms Control and Limitation and Disarmament', 'Kim Jong-un', 'Moon Jae-in', 'Pompeo, Mike', 'Trump, Donald J', 'Nuclear Weapons']"
Teaching Activities for: ‘San Francisco’s Big Seismic Gamble’,[]
Standardized Tests,[]
Should All Companies Require Anti-Bias Training for Employees?,[]
Unknown,"['New York City', 'Long Island Rail Road Co', 'Transit Systems', 'Railroads', 'Eng, Phillip']"
The Goal? Sowing Literature,"['Poetry and Poets', 'Smith, Tracy K', 'Woodson, Jacqueline', 'Writing and Writers', 'Books and Literature', 'Blacks', 'Slavery (Historical)', 'Wade in the Water (Book)']"
Imaginative Caregiving for the Cancer Patient,"['Breast Cancer', 'Cancer', 'Photography', 'Poetry and Poets', 'Leukemia']"
The Democrats’ Gentrification Problem,"['Income Inequality', 'Democratic Party', 'Affordable Housing', 'Gentrification', 'Race and Ethnicity', 'Florida, Richard', 'Rodrik, Dani', 'Sampson, Robert J', 'Real Estate and Housing (Residential)']"
Lighting The Way For Others To Shine,"['Jordan, Michael B', 'Washington, Denzel', 'Black Panther (Movie)', 'Fahrenheit 451 (Book)', 'The Iceman Cometh (Play)', 'Actors and Actresses', 'Blacks', 'Movies', 'Theater']"
"Landscapes, Art and Aliens","['National Parks, Monuments and Seashores', 'Travel and Vacations', 'Basin and Range National Monument (Nev)', 'Heizer, Michael']"
"For Better, for Worse and Things You Can’t Remember","['Immigration and Emigration', 'Dating and Relationships', 'Green Card (Movie)', 'Politics and Government', 'Marriages']"
"Marriage, a Path to Citizenship, Becomes a Road to Deportation","['Marriages', 'Deportation', 'Immigration and Emigration', 'Illegal Immigration', 'Citizenship and Immigration Services (US)', 'Immigration and Customs Enforcement (US)', 'Trump, Donald J', 'United States Politics and Government']"
36 Hours in Lisbon,"['Travel and Vacations', 'Lisbon (Portugal)']"
How Janelle Monáe Found Her Voice,"['Rap and Hip-Hop', 'Monae, Janelle', 'Wondaland Records', 'Dirty Computer (Album)']"
‘Crazy High’ Tolls Get a Closer Look,"['Verrazano-Narrows Bridge (NYC)', 'Bridges and Tunnels', 'Tolls', 'E-ZPass', 'Metropolitan Transportation Authority', 'Port Authority of New York and New Jersey', 'New York City', 'New Jersey', 'Staten Island (NYC)', 'New York State']"
"Damage to Great Barrier Reef From Global Warming Is Irreversible, Scientists Say","['Reefs', 'Coral', 'Australia', 'Great Barrier Reef (Australia)']"
"Dislike Comey,  Despise Trump","['Comey, James B', 'Trump, Donald J', 'Russian Interference in 2016 US Elections and Ties to Trump Associates', 'Presidential Election of 2016', 'Clinton, Hillary Rodham', 'United States Politics and Government', 'Biological and Chemical Warfare', 'Human Rights and Human Rights Violations', 'Syria']"
"Democrats, the Real Fiscal Conservatives","['Federal Budget (US)', 'United States Politics and Government', 'Federal Taxes (US)', 'News and News Media', 'Conservatism (US Politics)', 'Social Security (US)', 'Medicare', 'Health Insurance and Managed Care', 'Democratic Party', 'Republican Party', 'Trump, Donald J', 'Bush, George W', 'Reagan, Ronald Wilson', 'Bush, George', 'Clinton, Bill', 'Obama, Barack', 'Carter, Jimmy', 'United States Economy', 'National Debt (US)']"
New Tales of Old Persia Unfolding in New York,"['Theater', 'Prospect Theater Co', 'One Thousand Nights and One Day (Play)', 'Grote, Jason', 'Michelson, Marisa']"
A Drug to End Addiction? Scientists Are Working on It.,"['Opioids and Opiates', 'Drug Abuse and Traffic', 'Addiction (Psychology)', 'Heroin', 'Vaccination and Immunization']"
Creative Start,['Crossword Puzzles']
Other End of the Leash,"['Dogs', 'Chiropractors', 'Upper West Side (Manhattan, NY)']"
Choosing a Road Fit for Dr. King,"['King, Martin Luther Jr', 'Names, Geographical', 'Kansas City (Mo)', 'Roads and Traffic', 'Segregation and Desegregation', 'Urban Areas']"
"Syrian Strike Attracts Talk, Not Changes","['Syria', 'United States International Relations', 'Biological and Chemical Warfare', 'Civilian Casualties', 'Assad, Bashar al-', 'Refugees and Displaced Persons', 'Douma (Syria)']"
The Real Next War in Syria: Iran vs. Israel,"['Iranian Rial (Currency)', 'Quds Force', 'Rouhani, Hassan', 'Velayati, Ali Akbar', 'Golan Heights', 'Iran', 'Israel']"
"Comey, in Interview, Launches All-Out War Against President","['Comey, James B', 'Trump, Donald J', 'United States Politics and Government', 'ABC News', 'Russian Interference in 2016 US Elections and Ties to Trump Associates', 'A Higher Loyalty: Truth, Lies, and Leadership (Book)']"
"Barbara Bush, Gravely Ill,  Opts to Halt Treatment","['Bush, Barbara', 'Chronic Obstructive Pulmonary Disease', 'Heart']"
Trump to Punish  Russia for Aiding  Attack by Syria,"['Trump, Donald J', 'Russia', 'Embargoes and Sanctions', 'United States International Relations', 'Haley, Nikki R', 'Syria', 'United States Politics and Government']"
"Trump Blasts Comey in Barrage of Tweets, Calling Him ‘Slippery’","['United States Politics and Government', 'Trump, Donald J', 'Comey, James B', 'Russian Interference in 2016 US Elections and Ties to Trump Associates', 'Federal Bureau of Investigation', 'A Higher Loyalty: Truth, Lies, and Leadership (Book)']"
"Homes That Sold for Around $600,000","['New Jersey', 'Ridgefield (Conn)', 'Yorktown Heights (NY)', 'Spuyten Duyvil (Bronx, NY)', 'Dix Hills (NY)', 'Gramercy Park (Manhattan, NY)']"
A YouTuber Brings Tarot to the People,['Astrology']
Preposition Proposition,['Crossword Puzzles']
I Can’t Jump Ship From Facebook Yet,"['Social Media', 'Parenting', 'Autism', 'Facebook Inc']"
Mom Is Running for Office,"['Midterm Elections (2018)', 'Women and Girls', 'Breastfeeding', 'Elections, House of Representatives', 'Politics and Government', 'House of Representatives']"
The Warrior  At The Mall,"['United States Defense and Military Forces', 'Veterans', 'United States Politics and Government']"
Scrap Your To-Do List,['Baby Boomers']
"Paul Ryan, Party Man","['Ryan, Paul D Jr', 'Republican Party', 'United States Politics and Government', 'House of Representatives']"
A ‘Black Tax’ on Housing,"['Real Estate and Housing (Residential)', 'Discrimination', 'Blacks', 'Mortgages', 'Federal Housing Administration', 'Fair Housing Act (1968)']"
Don’t Call Me a Genius,"['Writing and Writers', 'Vietnamese-Americans', 'Scholarships and Fellowships', 'MacArthur, John D and Catherine T, Foundation', 'Kingston, Maxine Hong', 'Vietnam']"
We Need an Exorcist!,"['Friedkin, William', 'Occult Sciences', 'Georgetown (Washington, DC)', 'Roman Catholic Church', 'Movies', 'Documentary Films and Programs', 'The Exorcist (Movie)', 'The Devil and Father Amorth (Movie)']"
Strange Pension Math Leaves States in Pinch of Own Making,"['Pensions and Retirement Plans', 'Government Employees', 'Oregon', 'Oregon Public Employees Retirement System', 'States (US)', 'Local Government', 'Budgets and Budgeting', 'University of Oregon', 'Josephine County (Ore)', 'Three Rivers (Ore)']"
How Profiteers  Coax Women  Into Surgery,"['Suits and Litigation (Civil)', 'Liability for Products', 'Legal Profession', 'Implants', 'Medical Devices', 'Surgery and Surgeons', 'Boston Scientific Corporation', 'Johnson & Johnson', 'Barber, Wesley Blake', 'LawCash', 'Surgical Assistance Inc', 'Vagina']"
Variety: Acrostic,"['Crossword Puzzles', 'Acrostic Puzzles', 'Whales and Whaling', 'Moby-Dick (Book)']"
‘Mission Accomplished!’ But What Is the Mission in Syria?,"['Biological and Chemical Warfare', 'United States Defense and Military Forces', 'United States International Relations', 'Islamic State in Iraq and Syria (ISIS)', 'Syria', 'Trump, Donald J', 'Assad, Bashar al-', 'Civilian Casualties', 'Douma (Syria)']"
What to Do When a Window Ledge Becomes a Nest for Pigeons,['Real Estate and Housing (Residential)']
U.S. Says Strikes Took Out ‘Heart’  Of Assad Threat,"['Trump, Donald J', 'Syria', 'United States Defense and Military Forces', 'Biological and Chemical Warfare', 'Douma (Syria)', 'Damascus (Syria)', 'Putin, Vladimir V', 'Russia', 'Iran']"
Salute the Signature. It’s Signing Off.,"['Credit Cards', 'Counterfeit Money and Financial Instruments', 'Frauds and Swindling', 'Handwriting']"
Expressions of Affection,['Crossword Puzzles']
"The Republic, Republicans And Ryan","['Republican Party', 'Conservatism (US Politics)', 'Ryan, Paul D Jr', 'Trump, Donald J', 'United States Politics and Government', 'Dent, Charles W', 'Frelinghuysen, Rodney P', 'Kasparov, Garry', 'Lamb, Conor J (1984- )', 'Tax Cuts and Jobs Act (2017)']"
Trump Launches Strikes on Syrian Targets,"['Syria', 'United States Defense and Military Forces', 'Biological and Chemical Warfare', 'Great Britain', 'France', 'Civilian Casualties', 'Defense and Military Forces', 'Douma (Syria)']"
"Pull Yourself Together, Henry Higgins!","['Theater', 'My Fair Lady (Play)', 'Shubert Theater', 'Andrews, Julie', 'Harrison, Rex', 'Hart, Moss', 'Lerner, Alan Jay', 'Loewe, Frederick', 'Adler, Jerry (1929- )']"
The Power of Pictures: Viewing History Through America's Library,"['Photography', 'Archives and Records', 'Art', 'Civil Rights Movement (1954-68)', 'Los Angeles (Calif)', 'Annenberg Space for Photography', 'Library of Congress']"
"A Pregnancy, a Payment and a G.O.P. Resignation","['Broidy, Elliott', 'Cohen, Michael D (1966- )', 'Republican National Committee', 'Adultery', 'Playboy Magazine', 'United States Politics and Government', 'American Media Inc', 'Clifford, Stephanie (1979- )', 'Trump, Donald J', 'McDougal, Karen (1971- )', 'Davidson, Keith M']"
"A Step Ahead, Cuomo and Allies Spurn Party Before It Can Endorse Rival","['Endorsements', 'Elections, Governors', 'Organized Labor', 'Cuomo, Andrew M', 'Nixon, Cynthia', 'Figueroa, Hector J', 'Working Families Party', 'New York State']"
"On His Own, the Burgundy Iconoclast Laurent Ponsot Looks to Big Projects","['Wines', 'Burgundy (France)']"
"Trading Snarl for Smile, Pompeo Makes Case to Lead State Dept.","['United States Politics and Government', 'Pompeo, Mike', 'United States International Relations', 'Diplomatic Service, Embassies and Consulates', 'Senate Committee on Foreign Relations', 'State Department']"
"Mitzi Shore, 87, Comedy Club Owner Who Fostered Rising Stars in Her ‘University’","['Shore, Mitzi (1930-2018)', 'Comedy and Humor', 'Comedy Store (Los Angeles, Calif, Comedy Club)', 'Deaths (Obituaries)']"
"Rice Balls, Subtle and Showy Alike, at Omusubi Gonbei","['Rice', 'Midtown Area (Manhattan, NY)', 'Japanese Food (Cuisine)']"
Washington Insider and Former Coal Lobbyist Becomes E.P.A. Deputy Chief,"['United States Politics and Government', 'Regulation and Deregulation of Industry', 'Environment', 'Environmental Protection Agency', 'Pruitt, Scott', 'Wheeler, Andrew R', 'Inhofe, James M', 'Trump, Donald J', 'Global Warming']"
Addressing His ‘Problem Areas’,"['Cenac, Wyatt', ""Wyatt Cenac's Problem Areas (TV Program)"", 'Television', 'Home Box Office', 'Police Brutality, Misconduct and Shootings']"
Unknown,"['Travel and Vacations', 'New York Times']"
If Your House Punched the Clock,"['Real Estate and Housing (Residential)', 'Prices (Fares, Fees and Rates)']"
"Privacy Issue Rises to Fore, Vindicating Data Experts","['Computers and the Internet', 'Data-Mining and Database Marketing', 'Social Media', 'Privacy', 'Facebook Inc', 'Cambridge Analytica']"
Unknown,"['Real Estate and Housing (Residential)', 'Brooklyn Heights (Brooklyn, NY)', 'Morningside Heights (Manhattan, NY)', 'West Village (Manhattan, NY)']"
The Crossword Zoo: 10 Animals You Should Know,"['Crossword Puzzles', 'Zoos']"
Unknown,[]
A Performer Who’s Not Just Body and Snarl,"['Documentary Films and Programs', 'Music', 'Grace Jones: Bloodlight and Bami (Movie)', 'Jones, Grace', 'Fiennes, Sophie']"
Staring Down on Syria,"['Defense and Military Forces', 'United States International Relations', 'United States Defense and Military Forces', 'Hezbollah', 'Islamic State in Iraq and Syria (ISIS)', 'Trump, Donald J', 'Golan Heights', 'Syria']"
Pentagon Urges Greater Caution For Syria Strike,"['United States Defense and Military Forces', 'Trump, Donald J', 'Syria', 'United States International Relations', 'United States Politics and Government', 'Defense Department', 'Mattis, James N', 'Douma (Syria)', 'Biological and Chemical Warfare', 'Assad, Bashar al-', 'Civilian Casualties']"
A Better Body in a Pill? Experts Urge Caution on SARMs,"['Doping (Sports)', 'Steroids', 'Testosterone', 'Drug Abuse and Traffic', 'Drugs (Pharmaceuticals)', 'Muscles', 'Prostate Gland', 'Heart', 'Cholesterol', 'Liver']"
Unknown,['New York City']
Signs of a Political Armageddon,"['Russian Interference in 2016 US Elections and Ties to Trump Associates', 'United States Politics and Government', 'Suits and Litigation (Civil)', 'Cohen, Michael D (1966- )', 'Mueller, Robert S III', 'Trump, Donald J']"
Trump Wants America to Revert to the Queens of His Childhood,"['Presidential Election of 2016', 'Race and Ethnicity', 'Housing and Urban Development Department', 'Carson, Benjamin S', 'Scaramucci, Anthony', 'Trump, Donald J', 'Queens (NYC)']"
Where #MeToo Should Go Next,"['Sexual Harassment', 'Law and Legislation', '#MeToo Movement', 'Workplace Hazards and Violations']"
"Appointing Yet Another White, Male Director Is a Missed Opportunity for the Met","['Women and Girls', 'Metropolitan Museum of Art', 'Appointments and Executive Changes', 'Museums', 'Hollein, Max', 'Weiss, Daniel H', 'de Montebello, Philippe']"
Dissenting Against the Supreme Court’s Rightward Shift,"['Constitution (US)', 'Habeas Corpus', 'Courts and the Judiciary', 'Supreme Court (US)', 'Brennan, William J Jr', 'Ginsburg, Ruth Bader', 'Marshall, Thurgood', 'Reinhardt, Stephen R', 'Thomas, Clarence']"
Lots of Fish on the Screen,"['Fishing, Sport', 'Social Media', 'Travel and Vacations', 'Instagram Inc']"
Saying So Long To ‘Scandal’,"['Blacks', 'Race and Ethnicity', 'Television', 'Women and Girls', 'ABC Inc', 'Rhimes, Shonda', 'Goldwyn, Tony', 'Washington, Kerry', 'Scandal (TV Program)', 'Young, Bellamy']"
Brooklyn Stalwart Heads West and North,"['Travel and Vacations', 'Upper East Side (Manhattan, NY)', 'East Harlem (Manhattan, NY)']"
A Phoenix Transplant Wages an All-Out Battle Against Sticker Shock,"['Real Estate and Housing (Residential)', 'Renting and Leasing (Real Estate)', 'Prospect Heights (Brooklyn, NY)']"
Teacher Walkouts Threaten Republicans’ Grip on Red States,"['Education (K-12)', 'Politics and Government', 'Teachers and School Employees', 'Fallin, Mary', 'Arizona', 'Kentucky', 'Oklahoma', 'Strikes']"
House (and a Party) Upended as Speaker Calmly Takes His Leave,"['United States Politics and Government', 'Tax Cuts and Jobs Act (2017)', 'Elections, House of Representatives', 'National Republican Congressional Committee', 'Republican Party', 'Ryan, Paul D Jr', 'Trump, Donald J', 'Wisconsin']"
"36 Hours in Victoria, British Columbia","['Travel and Vacations', 'Vancouver Island (British Columbia)']"
Teaching Activities for: ‘Kidnapped as Schoolgirls by Boko Haram: Here They Are Now’,[]
"Portraits of Mestiza in Mexico, as They Wish to Be Seen","['Photography', 'Indigenous People', 'Oaxaca (Mexico)', 'Women and Girls', 'Fabian, Citlali']"
Fashion Comebacks,[]
Unknown,"['Beds and Bedding', 'Pillows', 'Anxiety and Stress']"
Is Now the Best Time in Human History to Be Alive?,[]
Morning People May Live Longer Than Night Owls,"['Deaths (Fatalities)', 'Sleep']"
"‘The Americans’ Season 6, Episode 3 Recap: Moscow Believes in Beef Stew","['Television', 'The Americans (TV Program)']"
"Overlooked No More: Lin Huiyin and Liang Sicheng, Chroniclers of Chinese Architecture","['Lin Huiyin (1904-55)', 'Liang Sicheng', 'China', 'Architecture', 'Writing and Writers', 'Biographical Information']"
Unknown,"['Crossword Puzzles', 'Television', 'Cable Television']"
The Silent Partner,"['Theater', 'Studio 54', 'Children of a Lesser God (Play)', 'Medoff, Mark', 'Leon, Kenny', 'Ridloff, Lauren', 'Jackson, Joshua (1978- )']"
Headline a Tabloid Didn’t Run Catches the Investigators’ Eyes,"['Trump, Donald J', 'American Media Inc', 'Pecker, David J', 'Cohen, Michael D (1966- )', 'Clifford, Stephanie (1979- )', 'McDougal, Karen (1971- )', 'Federal Bureau of Investigation', 'Federal Election Commission', 'National Enquirer', 'Howard, Dylan', 'Adultery', 'Magazines', 'Presidential Election of 2016', 'Campaign Finance']"
Pompeo Begins Charm Offensive Before His Senate Questioning,"['Pompeo, Mike', 'State Department', 'United States International Relations', 'United States Politics and Government', 'Central Intelligence Agency', 'Senate Committee on Foreign Relations']"
America’s Lethal Export,"['Gun Control', 'Firearms', 'Drug Cartels', 'Smuggling', 'Mexico', 'Arms Trade', 'United States']"
"In Tweets on Syria, Russia and China: Triumph of Contradiction","['United States Politics and Government', 'United States International Relations', 'Trump, Donald J', 'Assad, Bashar al-', 'Mueller, Robert S III', 'Xi Jinping', 'Putin, Vladimir V', 'China', 'Syria', 'Russia']"
"Good Riddance, Mr. Speaker","['Ryan, Paul D Jr', 'Trump, Donald J', 'House of Representatives', 'United States Politics and Government']"
"In Syrian Town, Objects Fell From Sky, Then Shouts of ‘Chemicals!’","['Biological and Chemical Warfare', 'Organization for the Prohibition of Chemical Weapons', 'Assad, Bashar al-', 'Syria', 'Douma (Syria)', 'Civilian Casualties']"
Plan to Track Methane Leaks From Above,"['Methane', 'Greenhouse Gas Emissions', 'Satellites', 'Global Warming', 'Environmental Defense Fund']"
"It’s Not Too Late, Mr. Ryan","['United States Politics and Government', 'House of Representatives', 'Ryan, Paul D Jr', 'Trump, Donald J', 'Wisconsin']"
The U.S. Will Pay if Trump Fires Mueller,"['Russian Interference in 2016 US Elections and Ties to Trump Associates', 'United States Politics and Government', 'Appointments and Executive Changes', 'Special Prosecutors (Independent Counsel)', 'Ethics and Official Misconduct', 'Justice Department', 'Cohen, Michael D (1966- )', 'Mueller, Robert S III', 'Trump, Donald J']"
Tugging on the Reins Of Facebook’s Power,"['Law and Legislation', 'Computers and the Internet', 'Social Media', 'Online Advertising', 'United States Politics and Government', 'Regulation and Deregulation of Industry', 'Data-Mining and Database Marketing', 'Cambridge Analytica', 'Facebook Inc', 'Zuckerberg, Mark E']"
She Has a Lot to Say (and Say and Say),"['Theater', 'The Edge of Our Bodies (Play)', 'Rapp, Adam', 'Stone, Jacqueline', '59E59 Theaters', 'Tuta Theater Chicago']"
"Alternative Health Plans, Fewer Rules","['Health Insurance and Managed Care', 'Patient Protection and Affordable Care Act (2010)', 'States (US)', 'United States Politics and Government', 'Verma, Seema']"
"Putin, or the World? Sanctions May Force Russian Oligarchs to Choose","['Ruble (Currency)', 'Embargoes and Sanctions', 'Rusal', 'Treasury Department', 'Deripaska, Oleg V', 'Putin, Vladimir V', 'Skripal, Yulia S', 'Cyprus', 'Kaliningrad (Russia)', 'Moscow (Russia)', 'Great Britain', 'United States', 'Virgin Islands (Great Britain)']"
"Brutal Rape And Murder Of Girl, 8, Divides India","['Bano, Asifa', 'Sex Crimes', 'Child Abuse and Neglect', 'Murders, Attempted Murders and Homicides', 'India', 'Kashmir and Jammu (India)', 'Bharatiya Janata Party', 'Demonstrations, Protests and Riots', 'Hinduism', 'Muslims and Islam']"
Balaboosta to Close at End of May,"['Balaboosta (Manhattan, NY, Restaurant)', 'Admony, Einat', 'NoLIta (Manhattan, NY)']"
If These Doors Could Talk: Selling Portals Into Chelsea Hotel’s Past,"['Hotel Chelsea (Manhattan, NY)', 'Chelsea (Manhattan, NY)', 'Historic Buildings and Sites', 'Art', 'Auctions', 'City Harvest', 'Hotels and Travel Lodgings']"
Police in France Begin Clearing Airport Protest Camp,"['vis-photo', 'Demonstrations, Protests and Riots', 'Airports', 'Evacuations and Evacuees', 'Nantes (France)']"
"$2.3 Million Homes in New York, Florida and Colorado","['Real Estate and Housing (Residential)', 'Boulder (Colo)', 'Brooklyn (NYC)', 'Orlando (Fla)']"
A Treehouse That’s Off the Grid,"['Real Estate and Housing (Residential)', 'Belize']"
Unknown,[]
"For Ryan, Tax Cut Is Feather in His Cap, Trump an Albatross Around His Neck","['United States Politics and Government', 'Elections, House of Representatives', 'House of Representatives', 'Ryan, Paul D Jr']"
"Ryan Will Retire, Scattering Hopes Of G.O.P. for 2018","['Ryan, Paul D Jr', 'Trump, Donald J', 'Midterm Elections (2018)', 'Elections, House of Representatives', 'Republican Party', 'McCarthy, Kevin (1965- )', 'Scalise, Steve', 'House of Representatives']"
‘Access Hollywood’ Tape Said to Be Focus of Raid,"['Trump, Donald J', 'Campaign Finance', 'Presidential Election of 2016', 'Federal Bureau of Investigation', 'Cohen, Michael D (1966- )', 'Bush, Billy (1971- )', 'Adultery', 'Access Hollywood (TV Program)', 'Khuzami, Robert S', 'Mueller, Robert S III']"
Former F.B.I. Deputy Director Is Faulted in Scathing Inspector General Report,"['McCabe, Andrew G', 'Justice Department', 'United States Politics and Government', 'Inspectors General', 'Federal Bureau of Investigation', 'Clinton, Hillary Rodham', 'Comey, James B', 'Horowitz, Michael E', 'Trump, Donald J']"
Former Cheney Aide Is Pardoned by Trump In C.I.A. Leak Case,"['Libby, I Lewis Jr', 'Trump, Donald J', 'Amnesties, Commutations and Pardons', 'Perjury', 'Classified Information and State Secrets', 'Central Intelligence Agency', 'Plame, Valerie', 'Cheney, Dick', 'United States Politics and Government']"
Billionaire’s Ambition Meets a City’s Dream,"['Los Angeles Times', 'Soon-Shiong, Patrick', 'Newspapers', 'News and News Media', 'Relocation of Business', 'Los Angeles (Calif)', 'tronc Inc']"
Riffing On One of the World’s Great Sandwiches,"['Cooking and Cookbooks', 'Sandwiches', 'Vietnamese Food (Cuisine)', 'Crabs']"
The Clinical Trial Is Open. The Elderly Need Not Apply.,"['Clinical Trials', 'Drugs (Pharmaceuticals)', 'Elderly', 'Age, Chronological', 'Alliance for Aging Research', 'Centers for Disease Control and Prevention']"
Unknown,"['Security Council (UN)', 'Douma (Syria)', 'Syria', 'Biological and Chemical Warfare']"
Craving a Taste of Spring? Try This.,"['Citrus Fruits', 'Olive Oil', 'Cooking and Cookbooks', 'Recipes', 'Ice Cream and Frozen Desserts']"
Sea Turtles Use Magnetic Fields to Find Their Birthplace Beach,"['Genetics and Heredity', 'Endangered and Extinct Species', 'Magnets and Magnetism', 'Current Biology (Journal)', 'Florida']"
A Punch Line  Feels Like A Gut Punch,"['Television', 'Race and Ethnicity', 'Comedy and Humor', 'Roseanne (TV Program)']"
A Chef’s Advice for Relaxation: Stir Some Risotto,"['Cooking and Cookbooks', 'Risotto', 'Rogers, Ruth']"
Vision Loss? Simple Aids Can Help,"['Real Estate and Housing (Residential)', 'Disabilities', 'Blindness', 'Home Repairs and Improvements']"
"Watching the Weekend House, During the Week","['Real Estate and Housing (Residential)', 'Security and Warning Systems', 'Dutchess County (NY)', 'North Fork (NY)']"
‘Untruthful Slime Ball’: Trump and G.O.P. Lash Back at Comey,"['Comey, James B', 'A Higher Loyalty: Truth, Lies, and Leadership (Book)', 'Trump, Donald J', 'Russian Interference in 2016 US Elections and Ties to Trump Associates', 'United States Politics and Government', 'Appointments and Executive Changes', 'Books and Literature', 'Federal Bureau of Investigation']"
Unknown,[]
Lawyer’s Files  A Bigger Risk  Than Mueller,"['Cohen, Michael D (1966- )', 'Trump, Donald J', 'Campaign Finance', 'Adultery', 'Presidential Election of 2016', 'Federal Bureau of Investigation', 'United States Politics and Government']"
"How Can Oats, Which Don’t Contain Gluten, Be Labeled ‘Gluten Free’?","['Gluten', 'Celiac Disease', 'Labeling and Labels (Product)', 'Grain', 'Regulation and Deregulation of Industry', 'Diet and Nutrition']"
Unknown,['New York City']
"Homeless in Seattle, and Wed Beneath an Overpass","['Weddings and Engagements', 'Homeless Persons', 'Marriages']"
"He’s No Longer My Ex-Husband, He’s My Co-Grandparent","['Parenting', 'Grandparents', 'Families and Family Life', 'Divorce, Separations and Annulments']"
Will Democrats Win the House? Ask Texas,"['Midterm Elections (2018)', 'United States Politics and Government', 'Elections, House of Representatives', 'Texas', 'Democratic Party', 'Allred, Colin', 'Jones, Gina Ortiz (1981- )']"
Tax Day Dilemma: Why Am I Paying Scott Pruitt to Nap?,"['Federal Taxes (US)', 'Income Tax', 'United States Politics and Government', 'Budgets and Budgeting', 'National Parks, Monuments and Seashores', 'Environmental Protection Agency', 'Mar-a-Lago (Palm Beach, Fla)', 'National Park Service', 'Secret Service', 'Pruitt, Scott', 'Trump, Donald J', 'United States']"
Tethered to a raging buffoon,"['Politics and Government', 'World War II (1939-45)', 'Holocaust and the Nazi Era', 'Neue Galerie', 'Justice Department', 'Hitler, Adolf', 'Hussein, Saddam', 'Lampedusa, Giuseppe Tomasi di', 'Merkel, Angela']"
Unknown,"['United States International Relations', 'United States Politics and Government', 'Diplomatic Service, Embassies and Consulates', 'World War II (1939-45)', 'State Department', 'Albright, Madeleine K', 'Hitler, Adolf', 'Trump, Donald J']"
Trevor Noah Hammers Congress for Dependence on Facebook’s Cash,"['Zuckerberg, Mark E', 'Noah, Trevor (1984- )', 'Colbert, Stephen', 'Kimmel, Jimmy', 'Fallon, Jimmy', 'Comey, James B', 'Meyers, Seth', 'Late Show with Stephen Colbert (TV Program)', 'The Daily Show with Trevor Noah (TV Program)', 'The Tonight Show (TV Program)']"
Betting on the Berkshires,"['Real Estate and Housing (Residential)', 'Berkshires (Mass)', 'Great Barrington (Mass)', 'North Adams (Mass)', 'Lenox (Mass)', 'Krens, Thomas', 'Stockbridge (Mass)']"
"Never Solved, a College Dorm Fire Has Become One Man’s Obsession","['Arson', 'Colleges and Universities', 'Accidents and Safety', 'Nineteen Hundred Sixties', 'Forensic Science', 'Cornell Daily Sun (Newspaper)', 'Cornell University', 'Mesa (Ariz)', 'Ithaca (NY)']"
"A Governor’s Affair, A Legal Battle and Political Uncertainty in Missouri","['Greitens, Eric', 'Missouri', 'Governors (US)', 'Adultery']"
Collector Thriving in the Modern Maze,"['Art', 'Collectors and Collections', 'Perlstein, Sylvio', 'Hauser & Wirth', 'Pompidou Center', 'Haring, Keith', 'Hirst, Damien', 'Antwerp (Belgium)', 'Brazil', 'Upper East Side (Manhattan, NY)', 'Paris (France)', 'Ray, Man', 'Hoch, Hannah']"
Officials Have Lost Count of How Many Thousands Have Died in Syria’s War,"['United Nations', 'Assad, Bashar al-', 'Syria', 'vis-multimedia']"
Sustainable Travel: It’s Not Just About the Environment,"['Travel and Vacations', 'Eco-Tourism']"
Why Your Bank Account Interest Is Still Paltry,"['Banking and Financial Institutions', 'Interest Rates', 'Savings', 'Checks and Checking Accounts']"
"In Alaska, It Could Be Your Neighbor Chasing That Car Thief","['Alaska', 'Crime and Criminals', 'Vigilantes', 'Robberies and Thefts', 'Automobiles', 'Anchorage (Alaska)']"
Spidey’s Creator In a Web Of Strife,"['Lee, Stan', 'Marvel Comics', 'Comic Books and Strips', 'Elder Abuse', 'Lee, Joan Celia']"
Do You Trust Facebook?,[]
Teaching Activities for: ‘Paul Ryan Upends Republican Hopes and Plans for Midterm Elections’,[]
Flower Shop,[]
Word + Quiz: ecclesiastic,[]
Air Pollution May Pose Serious Risks to Young Children,"['Air Pollution', 'Youth', 'Respiratory Diseases', 'Babies and Infants']"
"‘RuPaul’s Drag Race’ Season 10, Episode 4: RuPocalypse, Now?","['Television', ""RuPaul's Drag Race (TV Program)""]"
"‘Atlanta’ Season 2, Episode 7 Recap: Drake Has Left the Building","['Television', 'Atlanta (TV Program)']"
High Points,['Crossword Puzzles']
Unknown,"['United States Economy', 'International Trade and World Market', 'Kudlow, Lawrence A', 'Trump, Donald J']"
Don’t Worry: Love Is Inevitable,"['Theater', 'Carousel (Play)', 'Fleming, Renee', 'Henry, Joshua', 'Mueller, Jessie', ""O'Brien, Jack (1939- )"", 'Peck, Justin', 'Ramasar, Amar (1981- )', 'Thompson, John Douglas']"
Plan to Pardon Aide Convicted In C.I.A. Leak,"['Libby, I Lewis Jr', 'Trump, Donald J', 'Amnesties, Commutations and Pardons', 'Perjury', 'Classified Information and State Secrets', 'Central Intelligence Agency', 'Plame, Valerie', 'Cheney, Dick', 'United States Politics and Government']"
"Visceral Details, and Grim View Of President, in Comey Memoir","['A Higher Loyalty: Truth, Lies, and Leadership (Book)', 'Trump, Donald J', 'Comey, James B', 'Federal Bureau of Investigation', 'Russian Interference in 2016 US Elections and Ties to Trump Associates', 'Books and Literature', 'Ethics (Personal)', 'United States Politics and Government']"
Mike Pompeo Works the Hill,"['Pompeo, Mike', 'United States International Relations', 'State Department', 'Tillerson, Rex W', 'Appointments and Executive Changes', 'United States Politics and Government', 'Central Intelligence Agency', 'Senate Committee on Foreign Relations', 'Trump, Donald J', 'Russian Interference in 2016 US Elections and Ties to Trump Associates', 'Muslims and Islam', 'Homosexuality and Bisexuality', 'Russia']"
Little to Cheer About,"['Cheerleaders', 'Football', 'Discrimination', 'Women and Girls', 'Wages and Salaries', 'Minimum Wage', 'Uniforms', 'Sexual Harassment', 'Cincinnati Bengals', 'Equal Employment Opportunity Commission', 'New Orleans Saints', 'National Football League']"
Ruling Favors California on Immigration,"['Justice Department', 'Police', 'Illegal Immigration', 'Federal-State Relations (US)', 'Local Government', 'Decisions and Verdicts', 'Trump, Donald J', 'Los Angeles (Calif)', 'Sessions, Jefferson B III', 'United States Politics and Government', 'California', 'Suits and Litigation (Civil)', 'Immigration and Emigration', 'Constitution (US)', 'Becerra, Xavier', 'Police Department (Los Angeles, Calif)', 'Real, Manuel L']"
From Flimflam  To Fascism,"['Ryan, Paul D Jr', 'United States Politics and Government', 'Republican Party', 'Federal Taxes (US)', 'House of Representatives']"
A Renaissance On the Right,"['Goldberg, Jonah', 'Suicide of the West: How the Rebirth of Tribalism, Populism, Nationalism, and Identity Politics is Destroying American Democracy (Book)', 'Conservatism (US Politics)', 'Republican Party', 'Rousseau, Jean-Jacques', 'Locke, John', 'United States Politics and Government', 'Books and Literature']"
Too Much Perfume,"['Elevators and Escalators', 'Exercise', 'Madison Avenue (Manhattan, NY)']"
"Face to Face With President, Without Mincing Words","['A Higher Loyalty: Truth, Lies, and Leadership (Book)', 'Comey, James B', 'Trump, Donald J', 'Books and Literature', 'Clinton, Hillary Rodham', 'Russian Interference in 2016 US Elections and Ties to Trump Associates', 'Presidential Election of 2016', 'United States Politics and Government']"
E.P.A. ‘Sheriff’ Indulged Pruitt As Security Spending Mounted,"['Perrotta, Pasquale', 'Environmental Protection Agency', 'Pruitt, Scott', 'United States Politics and Government']"
Plan to Make Overdose Drug Accessible Falters,"['Opioids and Opiates', 'Naloxone (Drug)', 'Drugs (Pharmaceuticals)', 'Health and Mental Hygiene Department (NYC)', 'Bassett, Mary Travis', 'New York City', 'Bronx (NYC)']"
Shifting Signals On Trade Baffle China’s Leaders,"['International Trade and World Market', 'Xi Jinping', 'Trump, Donald J', 'China', 'United States International Relations', 'Wang Qishan', 'Customs (Tariff)']"
Boys to Men: Teaching and Learning About Masculinity in an Age of Change,[]
World Press Photo of the Year: A Tale Told Twice,"['World Press Photo Foundation', 'Photography', 'Awards, Decorations and Honors', 'Schemidt, Ronaldo', 'Addario, Lynsey', 'Brown, Patrick (Photographer)', 'Ferguson, Adam (1978- )', 'Melville, Toby', 'Prickett, Ivor']"
The 23 Women in the Lead,"['Women and Girls', 'Senate', 'Collins, Susan M', 'Ernst, Joni', 'Heitkamp, Heidi', 'Klobuchar, Amy']"
A Major Energy Move in New Jersey Lifts Renewable Sources,"['Alternative and Renewable Energy', 'New Jersey', 'Greenhouse Gas Emissions', 'Nuclear Energy', 'Global Warming', 'Murphy, Philip D (1957- )', 'United Nations Framework Convention on Climate Change', 'Natural Resources Defense Council']"
The Historians Versus the Genealogists,"['Genealogy', 'Cherokee Indians', 'Ross, John (1790-1866)', 'History (Academic Subject)']"
Unknown,[]
Trump Weighs Rejoining Accord With Pacific Rim in About-Face,"['United States Politics and Government', 'Trans-Pacific Partnership', 'Trump, Donald J']"
"In Brisbane, Gauge Stands Apart From the Imitators","['Restaurants', 'Gauge (Brisbane, Australia, Restaurant)', 'Brisbane (Australia)']"
"More Pruitt, Less E.P.A., for Medallion","['Memorabilia and Souvenirs', 'Environmental Protection Agency', 'Pruitt, Scott', 'Slogans and Mottoes', 'Trump, Donald J', 'United States Politics and Government', 'Zinke, Ryan (1961- )', 'Jackson, Lisa P']"
Built-In Advantage for the Majority Is Fast Receding,"['Midterm Elections (2018)', 'United States Politics and Government', 'Elections, House of Representatives', 'Republican Party', 'Ryan, Paul D Jr']"
"As Camden’s Schools Improve, a State-Appointed Superintendent Steps Aside","['Education (K-12)', 'Charter Schools', 'Rouhanifard, Paymon', 'Camden (NJ)']"
"To Save Abortion Rights, We Have to Think Beyond Roe","['Abortion', 'Birth Control and Family Planning', 'Politics and Government', 'States (US)', ""Women's Rights"", 'Women and Girls']"
Details of Unwanted Advances by Missouri’s Governor,"['Greitens, Eric', 'Politics and Government', 'Impeachment', 'Missouri', 'Republican Party', 'Adultery']"
Inside a Little Italy Kitchen,"['Little Italy (Manhattan, NY)', 'Omaha (Neb)']"
Remember Those Friends You Deleted Long Ago? Facebook Does,"['Facebook Inc', 'Online Advertising', 'Social Media', 'Data-Mining and Database Marketing', 'Advertising and Marketing', 'Zuckerberg, Mark E', 'Google Inc', 'Privacy']"
Musicians Aging in Concert,"['Casa Verdi (Milan, Italy)', 'Classical Music', 'Elderly', 'Retirement Communities and Assisted Living', 'Milan (Italy)', 'Opera', 'Verdi, Giuseppe', 'Verdi, Giuseppe, Foundation']"
Trump Promises Strike on Syria and Warns Moscow About Assad,"['Biological and Chemical Warfare', 'Syria', 'Trump, Donald J', 'United States Defense and Military Forces', 'Douma (Syria)', 'Putin, Vladimir V', 'Russia', 'Assad, Bashar al-', 'United States International Relations']"
"How N.F.L. Teams Use Social Media to Promote, and Control, Cheerleaders ","['Cheerleaders', 'Football', 'National Football League']"
Why Exercise Alone May Not Be the Key to Weight Loss,"['Exercise', 'Animals', 'Mice', 'Conservation of Resources', 'Energy Efficiency', 'Weight', 'Calories', 'Obesity']"
How to Make a Crossword Puzzle,['Crossword Puzzles']
Unknown,['New York City']
Why Teenagers Become ‘Allergic’ to Their Parents,"['Teenagers and Adolescence', 'Parenting', 'Families and Family Life']"
Real Families and the Fictional Roseanne,"['Transgender and Transsexuals', 'Television', 'Barr, Roseanne', 'Roseanne (TV Program)']"
Why Signatures Matter,"['Letters', 'Credit Cards', 'Handwriting']"
Why Not Mike Pence?,"['Presidential Election of 2016', 'United States Politics and Government', 'Evangelical Movement', 'Impeachment', 'Republican Party', 'Bush, George W', 'Clifford, Stephanie (1979- )', 'Clinton, Bill', 'Clinton, Hillary Rodham', 'Trump, Donald J', 'Pence, Mike']"
"Military Plane Crash Is Algeria’s Worst Air Disaster, With 257 Dead","['Algeria', 'Defense and Military Forces', 'Aviation Accidents, Safety and Disasters', 'Deaths (Fatalities)']"
How the Social Media Giant Collects and Uses Your Data,"['Online Advertising', 'Social Media', 'Privacy', 'Data-Mining and Database Marketing', 'Regulation and Deregulation of Industry', 'Cambridge Analytica', 'Facebook Inc', 'Zuckerberg, Mark E']"
"A Warm Embrace, Except if You’re a Pedestrian","['Real Estate and Housing (Residential)', 'Syosset (NY)']"
Unknown,"['Data-Mining and Database Marketing', 'Facebook Inc', 'Zuckerberg, Mark E', 'United States Politics and Government', 'Russian Interference in 2016 US Elections and Ties to Trump Associates', 'Cambridge Analytica', 'House Committee on Energy and Commerce']"
"In Reddest Rural Districts, Democratic Candidates Defying the N.R.A.","['Gun Control', 'National Rifle Assn', 'Midterm Elections (2018)', 'Republican Party', 'Democratic Party', 'Rural Areas', 'United States Politics and Government', 'Elections, House of Representatives', 'Elections, Governors', 'Montana']"
The Hidden Toll,"['Blacks', 'Infant Mortality', 'Maternal Mortality', 'Pregnancy and Childbirth', 'Premature Babies', 'Stillbirth', 'Preeclampsia', 'Babies and Infants', 'Midwives and Doulas', 'Anxiety and Stress', 'Discrimination', 'Williams, Serena', 'United States']"
"Answering a Calling, Her Way","['Theater', 'Actors and Actresses', 'Friedman, Samuel J, Theater', 'Manhattan Theater Club', 'Rashad, Condola', 'Shaw, George Bernard', 'Sullivan, Daniel J', 'Joan of Arc', 'Billions (TV Program)', 'Saint Joan (Play)', 'Stick Fly (Play)', 'The Trip to Bountiful (Play)', ""A Doll's House, Part 2 (Play)""]"
Seth Meyers Wonders if the Cohen Raid Spells Doom for the President,"['Cohen, Michael D (1966- )', 'Meyers, Seth', 'Clifford, Stephanie (1979- )', 'Colbert, Stephen', 'Carlson, Tucker', 'Zuckerberg, Mark E', 'Noah, Trevor (1984- )', 'Late Night with Seth Meyers (TV Program)', 'Conan (TV Program)', 'Late Show with Stephen Colbert (TV Program)', 'The Daily Show with Trevor Noah (TV Program)']"
Is It Wrong to Focus on Animal Welfare When Humans Are Suffering?,[]
Brassai: The ‘Eye of Paris’,"['Art', 'Brassai', 'Photography', 'Europe', 'Paris (France)']"
Teaching Activities for: ‘That Python in the Pet Store? It May Have Been Snatched From the Wild’,[]
Smells and Memories,[]
Classic Work,"['Crossword Puzzles', 'Classical Music']"
"The Subway Is on Time. For All Else, Just Wait.","['Theater', 'Dutch Masters (Play)', 'Keller, Greg', 'Partial Comfort Productions', 'Holland, Andre (1979- )']"
A Legal Attack Dog’s Seized Files Could Bite His Client,"['Cohen, Michael D (1966- )', 'Trump, Donald J', 'Federal Bureau of Investigation', 'United States Politics and Government', 'Special Prosecutors (Independent Counsel)', 'Clifford, Stephanie (1979- )', 'American Media Inc', 'McDougal, Karen (1971- )', 'Adultery', 'Sater, Felix H', 'Putin, Vladimir V', 'Mueller, Robert S III', 'Russian Interference in 2016 US Elections and Ties to Trump Associates']"
The Civil Rights Law We Ignored,"['Fair Housing Act (1968)', 'Civil Rights and Liberties', 'Law and Legislation', 'United States Politics and Government', 'Affordable Housing', 'Civil Rights Movement (1954-68)', 'House of Representatives', 'Senate', 'Housing and Urban Development Department']"
Clown Fish Need More Energy to Live in a Bleached Home,"['Fish and Other Marine Life', 'Oceans and Seas', 'Proceedings of the Royal Society B (Journal)', 'Global Warming']"
"Trump, Angry About Reports of Subpoenas, Nearly Fired Mueller in December","['Russian Interference in 2016 US Elections and Ties to Trump Associates', 'Trump, Donald J', 'Mueller, Robert S III', 'Federal Bureau of Investigation', 'McGahn, Donald F II', 'Rosenstein, Rod J', 'Special Prosecutors (Independent Counsel)', 'United States Politics and Government', 'Deutsche Bank AG', 'Justice Department']"
Traumatic Brain Injuries Are Tied to Dementia,"['Concussions', 'Dementia', 'Sports Injuries', 'Brain']"
Salt and Pepper,"['Brooklyn Botanic Garden', 'Battery Maritime Building (Manhattan, NY)', 'Governors Island (Manhattan, NY)']"
"The Law Is Coming, Mr. Trump","['Trump, Donald J', 'United States Politics and Government', 'Campaign Finance', 'Cohen, Michael D (1966- )', 'McDougal, Karen (1971- )', 'Clifford, Stephanie (1979- )', 'Manafort, Paul J', 'Pinchuk, Victor M', 'Russian Interference in 2016 US Elections and Ties to Trump Associates', 'Federal Bureau of Investigation']"
You’re Going to Die. Just Face It Already.,"['Natural Causes: An Epidemic of Wellness, the Certainty of Dying, and Killing Ourselves to Live Longer (Book)', 'Ehrenreich, Barbara', 'Medicine and Health', 'Books and Literature']"
"The Lavish, Gory Case Against El Chapo","['Guzman Loera, Joaquin', 'Drug Cartels', 'Drug Abuse and Traffic', 'Smuggling', 'Murders, Attempted Murders and Homicides']"
It’s Mueller Who’s Draining the Swamp,"['Russian Interference in 2016 US Elections and Ties to Trump Associates', 'Campaign Finance', 'Presidential Election of 2016', 'Corruption (Institutional)', 'Politics and Government', 'Regulation and Deregulation of Industry', 'Special Prosecutors (Independent Counsel)', 'Watergate Affair', 'Lobbying and Lobbyists', 'Federal Bureau of Investigation', 'Clifford, Stephanie (1979- )', 'Cohen, Michael D (1966- )', 'Manafort, Paul J', 'Mueller, Robert S III', 'Nixon, Richard Milhous', 'Trump, Donald J', 'Washington (DC)', 'United States']"
He Was Out of the Game. Then a War Zone Called.,"['Movies', 'Beirut (Movie)', 'Anderson, Brad (1964- )', 'Hamm, Jon', 'Gilroy, Tony', 'Pike, Rosamund']"
America’s Three Bad Options in Syria,"['United States Defense and Military Forces', 'United States International Relations', 'Biological and Chemical Warfare', 'Defense and Military Forces', 'Assad, Bashar al-', 'Obama, Barack', 'Trump, Donald J', 'Russia', 'Syria']"
‘How Long Can We Last?’ Trump’s Steel Tariffs Hit Home,"['International Trade and World Market', 'Customs (Tariff)', 'United States Economy', 'Protectionism (Trade)', 'Factories and Manufacturing', 'Steel and Iron', 'Trump, Donald J', 'CP Industries Inc', 'Prices (Fares, Fees and Rates)', 'China']"
Justice Dept. Investigates Early College Admissions,"['Admissions Standards', 'Colleges and Universities', 'Financial Aid (Education)', 'Antitrust Laws and Competition Issues', 'Justice Department', 'Ivy League', 'Amherst College']"
A Tiki Bar for a Less-Than-Tropical Island,"['Polynesian, The (Manhattan, NY, Bar)', 'Bars and Nightclubs', 'Cocktails and Mixed Drinks', 'Major Food Group', 'Midtown Area (Manhattan, NY)']"
Target of Raids Was Money Paid to Hush Women,"['Trump, Donald J', 'Clifford, Stephanie (1979- )', 'McDougal, Karen (1971- )', 'American Media Inc', 'Adultery', 'United States Politics and Government', 'Russian Interference in 2016 US Elections and Ties to Trump Associates', 'Justice Department', 'Cohen, Michael D (1966- )', 'Mueller, Robert S III', 'Rosenstein, Rod J', 'Federal Bureau of Investigation', 'Presidential Election of 2016', 'Campaign Finance']"
Trump Fumes; We Should  Be Trembling,"['Trump, Donald J', 'Cohen, Michael D (1966- )', 'Federal Bureau of Investigation', 'McDougal, Karen (1971- )', 'Clifford, Stephanie (1979- )', 'United States Politics and Government', 'Russian Interference in 2016 US Elections and Ties to Trump Associates', 'Mueller, Robert S III']"
Not Screaming for Ice Cream,"['Restaurants', 'Ice Cream and Frozen Desserts', 'New York City', 'Narcissa (Manhattan, NY, Restaurant)', 'Pool (Manhattan, NY, Restaurant)', 'Uncle Boons (Manhattan, NY, Restaurant)', '4 Charles Prime Rib (Manhattan, NY, Restaurant)', 'Office NYC (Manhattan, NY, Restaurant)']"
Top Trump Homeland Security Adviser Is Forced Out as Bolton Settles In,"['United States Politics and Government', 'National Security Council', 'Bolton, John R', 'Bossert, Thomas P', 'Trump, Donald J']"
Unknown,"['Psychology and Psychologists', 'Art', 'Brain', 'Memory', 'Proceedings of the Royal Society B (Journal)', 'Christensen, Julia F', 'Nadal, Marcos', 'Skov, Martin']"
Filipinos Find Their Home City in Tatters,"['vis-photo', 'Marawi (Philippines)', 'Duterte, Rodrigo', 'Xi Jinping', 'Islamic State in Iraq and Syria (ISIS)', 'Infrastructure (Public Works)']"
"President Calls Off  Trip to Latin America, Citing Crisis in Syria","['United States International Relations', 'Federal Bureau of Investigation', 'Trump, Donald J', 'Latin America', 'Russian Interference in 2016 US Elections and Ties to Trump Associates']"
Unknown,[]
Climate Skeptics Say Polar Bears Are Fine. Scientists Beg to Differ.,"['Polar Bears', 'Global Warming', 'Arctic Regions', 'BioScience (Journal)', 'Polar Bear Science', 'Crockford, Susan J', 'Endangered and Extinct Species']"
Should We Speak to Little Boys as We Do Little Dogs?,"['Parenting', 'Homework', 'Children and Childhood', 'Families and Family Life', 'Men and Boys']"
Unknown,['New York City']
How to Make Facebook More Accountable,"['News and News Media', 'Computers and the Internet', 'Social Media', 'Regulation and Deregulation of Industry', 'Facebook Inc', 'Google Inc', 'Zuckerberg, Mark E']"
How Trump Misunderstands Trade,"['United States Economy', 'International Trade and World Market', 'Budgets and Budgeting', 'Gross Domestic Product', 'Commerce Department', 'Smith, Adam (1723-90)', 'Trump, Donald J', 'China', 'United States']"
Stephen Colbert Imagines How the Michael Cohen F.B.I. Raid Went,"['Cohen, Michael D (1966- )', 'Clifford, Stephanie (1979- )', 'Colbert, Stephen', 'Kimmel, Jimmy', 'Late Night with Seth Meyers (TV Program)', 'Fallon, Jimmy', 'Late Show with Stephen Colbert (TV Program)', 'Saturday Night Live (TV Program)', 'The Tonight Show (TV Program)']"
Diving Into a Gut Renovation With Gusto,"['Home Repairs and Improvements', 'Real Estate and Housing (Residential)', 'Interior Design and Furnishings', 'Furniture', 'Design', 'Upper West Side (Manhattan, NY)']"
Rhodesia’s Dead — but White Supremacists Have Given It New Life Online,"['Rhodesia', 'Whites', 'Social Media', 'Fringe Groups and Movements', 'Roof, Dylann Storm', 'Race and Ethnicity', 'Zimbabwe', 'Instagram Inc']"
Cambridge Analytica and the Coming Data Bust,"['Data-Mining and Database Marketing', 'Computers and the Internet', 'Social Media', 'Cambridge Analytica', 'Facebook Inc']"
Crash Course,"['Disasters and Emergencies', 'Aviation Accidents, Safety and Disasters', 'Accidents and Safety', 'Challenger (Space Shuttle)', 'School Shootings and Armed Attacks']"
"Escapes, Riots, Beatings: Behind Bars in Private Prisons","['Prisons and Prisoners', 'Privatization', 'GEO Group Inc', 'Management & Training Corp', 'Corrections Corporation of America', 'Government Contracts and Procurement', 'Civil Rights and Liberties', 'American Civil Liberties Union', 'East Mississippi Correctional Facility', 'Center for Responsive Politics', 'Southern Poverty Law Center', 'Mississippi', 'Florida', 'Hawaii', 'Arizona', 'New Mexico', 'States (US)']"
Unknown,"['United States Politics and Government', 'Politics and Government', 'News and News Media', 'Privacy', 'Computers and the Internet', 'Cambridge Analytica', 'Zuckerberg, Mark E', 'Silicon Valley (Calif)']"
"Soup’s On, With a Side of Art","['Navarro, Eduardo (1979- )', 'Art', 'Soups', 'Drawing Center (Manhattan, NY)']"
"Beautiful, Complicated Bogotá: A Traveler’s Starter Kit ","['Travel and Vacations', 'Bogota (Colombia)']"
"Groped by Fans, Pro Cheerleaders Say Bosses Have Advice: Smile","['Cheerleaders', 'Sexual Harassment', 'Workplace Hazards and Violations', 'National Football League', 'Carolina Panthers', 'Cincinnati Bengals', 'Cleveland Cavaliers', 'National Basketball Assn', 'National Hockey League', 'New Orleans Saints', 'Davis, Bailey', 'Football', 'Basketball', 'Hockey, Ice']"
I Disapprove Of School Vouchers. Can I Still Apply For Them?,"['Education (K-12)', 'Private and Sectarian Schools', 'Vouchers', 'Tax Credits, Deductions and Exemptions', 'Income Tax']"
"Mayor’s Dream of Streetcar Remains Just That, for Now","['Cable Cars and Trams', 'de Blasio, Bill', 'Infrastructure (Public Works)', 'Glen, Alicia K', 'Moss, Mitchell L', 'Schumer, Charles E', 'Astoria (Queens, NY)', 'Sunset Park (Brooklyn, NY)', 'Queens (NYC)', 'Brooklyn (NYC)', 'Friends of the Brooklyn Queens Connector', 'New York City', 'Transit Systems']"
No Markdowns on Their Work,"['Interior Design and Furnishings', 'Books and Literature', 'Getchell, Franklin', 'Moss, Murray', ""Please Do Not Touch: And Other Things You Couldn't Do at Moss the Design Store That Changed Design (Book)""]"
The Poem Cure,"['Poetry and Poets', 'Blacks', 'Writing and Writers', 'Poets Laureate', 'Life on Mars (Book)', 'Young, Kevin (1970- )']"
Dear Match Book: Funny Pages,['Books and Literature']
Daughter of Ex-Spy Is Out of Hospital,"['Skripal, Yulia S', 'Skripal, Sergei V', 'Assassinations and Attempted Assassinations', 'Poisoning and Poisons', 'Great Britain', 'Salisbury (England)', 'Russia', 'International Relations']"
College,[]
What ‘Pop-Up’ Classes Do You Wish Your School Offered?,[]
Two Reporters Recorded A Myanmar Massacre. Now They Are in Prison.,"['Freedom of the Press', 'War Crimes, Genocide and Crimes Against Humanity', 'Kyaw Soe Oo', 'Wa Lone', 'Reuters Group PLC', 'Aung San Suu Kyi', 'Myanmar']"
"New York Housing Authority Chief, Under Fire for Months, Is Resigning","['Housing Authority (NYC)', 'Olatoye, Shola', 'Public and Subsidized Housing', 'New York City', 'Appointments and Executive Changes', 'de Blasio, Bill']"
Big School Event,['Crossword Puzzles']
Turning Revulsion  Into Votes,"['Working Families Party', 'Cantor, Dan', 'Mitchell, Maurice', 'Democratic Party', 'United States Politics and Government', 'Appointments and Executive Changes']"
Our Privacy Has Eroded. We’re O.K. With That.,"['Privacy', 'Computers and the Internet', 'Computer Security', 'Social Media', 'Facebook Inc', 'Google Inc', 'Zuckerberg, Mark E', 'Cambridge Analytica']"
Obamacare’s Very Stable Genius,"['Health Insurance and Managed Care', 'Patient Protection and Affordable Care Act (2010)', 'Republican Party', 'Trump, Donald J', 'United States Politics and Government']"
The Failures of Anti-Trumpism,"['Trump, Donald J', 'United States Politics and Government', 'Republican Party']"
"For Bannon, Tariffs Are Test of Trump’s Beliefs","['International Trade and World Market', 'China', 'Customs (Tariff)', 'United States Politics and Government', 'Bannon, Stephen K', 'Trump, Donald J']"
Childhood Fears No Parent Can Allay,"['Theater', 'This Flat Earth (Play)', 'Ferrentino, Lindsey (1988- )', 'Playwrights Horizons', 'Taichman, Rebecca Bayla']"
Did Outsiders Make 911 Calls? A Fear Born of Brooklyn Gentrification,"['Crown Heights (Brooklyn, NY)', 'Gentrification', 'Vassell, Saheed (d 2018)', 'Police Brutality, Misconduct and Shootings', 'Real Estate and Housing (Residential)', 'Affordable Housing', 'Bunkeddeko, Adem']"
#MeToo  Can Help Close  The Gender Pay Gap,"['Women and Girls', 'Sexual Harassment', '#MeToo Movement', 'Discrimination', 'Wages and Salaries']"
What Should They Ask Zuckerberg?,"['Facebook Inc', 'Data-Mining and Database Marketing', 'Social Media', 'Privacy', 'House of Representatives', 'Senate', 'Zuckerberg, Mark E', 'Cambridge Analytica', 'United States Politics and Government', 'Regulation and Deregulation of Industry']"
"Left, Right and Center, Women of Arizona Reshape the Debate","['Arizona', 'Women and Girls', 'State Legislatures', 'Politics and Government', 'Elections, House of Representatives', 'Lesko, Debbie (1958- )', 'Tipirneni, Hiral', 'McSally, Martha', 'Ward, Kelli (1969- )', 'Sinema, Kyrsten']"
"Two Tokens, Please","['Subways', 'National Science Foundation', 'Manhattan College', 'New York City']"
Scrutiny for Trump’s Allies As Trail of Money Widens,"['Trump, Donald J', 'Cohen, Michael D (1966- )', 'Special Prosecutors (Independent Counsel)', 'United States Politics and Government', 'Mueller, Robert S III', 'Clifford, Stephanie (1979- )', 'Federal Bureau of Investigation', 'Adultery']"
Trump’s One-Night Stand Turns Into a Legal Nightmare,"['Adultery', 'Suits and Litigation (Civil)', 'Clifford, Stephanie (1979- )', 'Cohen, Michael D (1966- )', 'Trump, Donald J', 'Avenatti, Michael']"
Lead Us Not Into Temptation,"['Books and Literature', 'Douthat, Ross G', 'Roman Catholic Church', 'John Paul II', 'To Change the Church: Pope Francis and the Future of Catholicism (Book)']"
The Snake Handlers,"['Endangered and Extinct Species', 'Reptiles', 'Amphibians', 'Poaching (Wildlife)', 'Convention on International Trade in Endangered Species', 'Indonesia', 'Snakes', 'Conservation of Resources', 'Breeding of Animals']"
Leeches as Species Trackers,"['Animals', 'Biodiversity', 'Genetics and Heredity', 'Cameras', 'Conservation of Resources', 'American Museum of Natural History', 'Systematics and Biodiversity (Journal)', 'Journal of Applied Ecology']"
"Poised to Balloon to $1 Trillion,  U.S. Deficit Fuels Fear of Crisis","['United States Politics and Government', 'Federal Budget (US)', 'Taxation', 'National Debt (US)', 'Congressional Budget Office']"
"Warming Up for His Grilling In Jacket, Tie and Hair Shirt","['Facebook Inc', 'Cambridge Analytica', 'Zuckerberg, Mark E', 'Privacy', 'Data-Mining and Database Marketing', 'Social Media', 'United States Politics and Government', 'Senate Committee on Commerce, Science, and Transportation', 'Senate Committee on the Judiciary', 'AggregateIQ Data Services Ltd', 'Cubeyou Inc']"
The Mets Are 8-1. Get Excited. They Are.,"['Baseball', 'New York Mets', 'Callaway, Mickey', 'Cespedes, Yoenis']"
Authentic Is Foreign To Him,"['Hernandez, Eddie (Chef)', 'Turnip Greens & Tortillas: A Mexican Chef Spices Up the Southern Kitchen (Book)', 'Cooking and Cookbooks', 'Puckett, Susan', 'Mexican Food (Cuisine)', 'Southern States (US)', 'Atlanta (Ga)']"
President Talks Of Retaliation Beyond Syria,"['Trump, Donald J', 'Douma (Syria)', 'United States Defense and Military Forces', 'United States International Relations', 'Biological and Chemical Warfare', 'Assad, Bashar al-', 'Syria', 'Iran', 'Russia', 'France', 'Security Council (UN)', 'Bolton, John R']"
What the Heck Is That?: ABOU,"['Crossword Puzzles', 'Poetry and Poets']"
"The Sizzle  Of the Grill, Put to Music","['Machover, Tod', 'Classical Music', 'Philadelphia Voices (Musical Work)', 'Philadelphia Orchestra', 'Nezet-Seguin, Yannick', 'Philadelphia (Pa)', 'MIT Media Lab']"
"‘Here and Now’ Season 1, Episode 9: Future Tense","['Television', 'Here and Now (TV Program)']"
A Fossilized Finger Bone May Be From the Earliest Humans on the Arabian Peninsula,"['Saudi Arabia', 'Fossils', 'Paleontology', 'Nature Ecology & Evolution (Journal)']"
Can New Trump Advisers Head Off a Trade War?,"['Powell, Jerome H', 'Federal Reserve System', 'Kudlow, Lawrence A', 'Customs (Tariff)', 'China', 'United States Economy', 'International Trade and World Market', 'Stocks and Bonds', ""Standard & Poor's 500-Stock Index"", 'Interest Rates', 'United States Politics and Government', 'Trump, Donald J']"
Top Ethics Official Questions Actions by Pruitt,"['Ethics and Official Misconduct', 'Lobbying and Lobbyists', 'Office of Government Ethics', 'Pruitt, Scott', 'Environmental Protection Agency', 'United States Politics and Government']"
An ISIS Commander In the Afghan North Dies in a U.S. Strike,"['Afghanistan War (2001- )', 'United States Defense and Military Forces', 'Islamic State in Iraq and Syria (ISIS)', 'Taliban', 'Faryab Province (Afghanistan)', 'Nangarhar Province (Afghanistan)', 'Hekmatullah, Qari']"
"Governor Enters Senate Race, Returning Florida to a Battleground","['Midterm Elections (2018)', 'Elections, Senate', 'Scott, Richard L', 'Nelson, Bill (1942- )', 'Florida']"
"How Our Journalism Is Like a Car Crash (Wait, That Didn’t Come Out Right)","['News and News Media', 'Seabrook, John (Journalist)', 'New Yorker']"
Unknown,[]
"20 Years Later, a Death In China Is a Rallying Cry","['Gao Yan (d 1998- )', 'Sex Crimes', '#MeToo Movement', 'Censorship', 'China', 'Women and Girls', 'Shen Yang', 'Suicides and Suicide Attempts', 'Politics and Government', 'Colleges and Universities']"
Life-Threatening Allergic Reactions Rising in Children,"['Children and Childhood', 'Allergies', 'Anaphylactic Shock', 'Peanuts', 'Health Insurance and Managed Care', 'Emergency Medical Treatment']"
The New Shingles Vaccine: Reasons to Get It,"['Shingles (Disease)', 'Vaccination and Immunization', 'Chicken Pox', 'Viruses', 'Immune System']"
Unknown,['New York City']
Unknown,"['Syria', 'Assad, Bashar al-', 'Biological and Chemical Warfare', 'Trump, Donald J', 'Jaysh al-Islam', 'War Crimes, Genocide and Crimes Against Humanity', 'Obama, Barack', 'Russia', 'Islamic State in Iraq and Syria (ISIS)', 'Khan Sheikhoun (Syria)', 'United States Defense and Military Forces', 'United States International Relations']"
Who Was That Masked Man? A Wrestling Priest,"['Wrestling', 'Masks', 'Photography', 'Mexico']"
"Teaching Activities for: ‘Trump Vows “Big Price” for Syria Attack, Raising Prospect of Missile Strike’",[]
"A Hub of Contemplation, Challenge and Social Protest","['Book Trade and Publishing', 'Books and Literature', 'Neo Nazi Groups', 'Berlin (Germany)']"
How Much Power Do Books Have to Teach Young People Tolerance of Others?,[]
"‘Trust’ Season 1, Episode 3 Recap: Change of Management","['Television', 'Trust (TV Program)']"
"‘Billions’ Season 3, Episode 3 Recap: Boss Moves","['Television', 'Billions (TV Program)']"
"‘The Walking Dead’ Season 8, Episode 15 Recap: Cleaning House","['Television', 'The Walking Dead (TV Program)']"
"The Wit of Tina Fey, in Song","['Theater', 'Fey, Tina', 'Mean Girls (Play)', 'Nicholaw, Casey', 'Henningsen, Erika']"
"At Home on the Court, and Now in the Art Gallery","['Basketball', 'Art', 'Collectors and Collections', 'National Basketball Assn', 'Jay-Z']"
"In Town That Lives for Hockey, A Crash Has Splintered Hearts","['Humboldt Broncos (Hockey Team)', 'Traffic Accidents and Safety', 'Deaths (Fatalities)', 'Hockey, Ice', 'Humboldt (Saskatchewan)', 'Canada']"
The Tragedy of James Comey,"['Comey, James B', 'Russian Interference in 2016 US Elections and Ties to Trump Associates', 'United States Politics and Government', 'Federal Bureau of Investigation', 'Justice Department', 'Republican Party', 'Clinton, Hillary Rodham', 'Trump, Donald J', 'Presidential Election of 2016']"
Horror of Being Governed by 'Fox &amp; Friends',"['News and News Media', 'United States Politics and Government', 'Fox Broadcasting Co', 'Trump, Donald J', 'Fox & Friends (TV Program)']"
Fiery National Security Adviser For a Powder-Keg Presidency,"['Bolton, John R', 'Trump, Donald J', 'National Security Council', 'United States International Relations', 'United States Politics and Government', 'Appointments and Executive Changes', 'United States Agency for International Development', 'United States Defense and Military Forces']"
State Courts Under Attack,"['Elections, Courts and the Judiciary', 'Politics and Government', 'Campaign Finance', 'Courts and the Judiciary', 'State Legislatures', 'Supreme Courts (State)', 'Kansas', 'North Carolina', 'Pennsylvania', 'Wisconsin', 'States (US)']"
Art Collector and Bon Vivant Dies in Fire at the Trump Tower Home He Couldn’t Sell,"['Brassner, Todd R (1951-2018)', 'Trump Tower (Manhattan, NY)', 'Fires and Firefighters', 'Real Estate and Housing (Residential)', 'Deaths (Fatalities)', 'Trump, Donald J', 'Warhol, Andy']"
Affected Users  Say Facebook Betrayed Them,"['Cambridge Analytica', 'Facebook Inc', 'Data-Mining and Database Marketing', 'Presidential Election of 2016', 'Political Advertising', 'Qualtrics']"
Chemical Carnage Muddles Plans for a U.S. Exit,"['Biological and Chemical Warfare', 'Douma (Syria)', 'Trump, Donald J', 'United States Defense and Military Forces', 'Assad, Bashar al-', 'Civilian Casualties', 'United States International Relations', 'Syria', 'Russia']"
Sweeping Election Victory Gives Hungary’s Ruler Control Over Constitution,"['Orban, Viktor', 'Hungary', 'Elections', 'Fidesz Party', 'Christian Democratic Union (Germany)', 'Politics and Government', 'Immigration and Emigration', 'European Union']"
"Before #MeToo, There Was Antioch","['Antioch College', 'Sex Crimes', 'Sexual Harassment', '#MeToo Movement', 'Colleges and Universities']"
A Cut With Some Class,"['Glassware', 'New York City']"
Given Their Initials,"['Crossword Puzzles', 'Movies', 'Chemistry', 'Silver']"
The Fox in the Stroller,"['Animal Abuse, Rights and Welfare', 'Foxes', 'Pets', 'Tennessee']"
No More Hasty Scrawls: The End of Credit Card Signatures,"['Credit Cards', 'Identity Theft', 'Handwriting', 'Shopping and Retail', 'American Express Company', 'Visa Inc']"
"‘No One Trusts Facebook,’ Its Viral Stars Complain","['Online Advertising', 'Facebook Inc', 'Social Media', 'News and News Media', 'Video Recordings, Downloads and Streaming', 'Zuckerberg, Mark E']"
"For G.O.P., Threat Of Impeachment May Spur Voters","['Trump, Donald J', 'Midterm Elections (2018)', 'Impeachment', 'Elections, House of Representatives', 'Republican Party', 'Democratic Party', 'Cruz, Ted', 'Stivers, Steven E']"
Unknown,"['Real Estate and Housing (Residential)', ""Hell's Kitchen (Manhattan, NY)"", 'Greenwich (Conn)', 'Prospect Heights (Brooklyn, NY)', 'West New York (NJ)', 'Glen Head (NY)', 'Eastchester (NY)']"
Triple Spoonerisms,['Crossword Puzzles']
The Murky Perils of Quitting Antidepressants After Years of Use,"['Depression (Mental)', 'Drugs (Pharmaceuticals)', 'Antidepressants', 'Psychiatry and Psychiatrists', 'Addiction (Psychology)', 'Prozac (Drug)', 'Cymbalta (Drug)', 'Paxil (Drug)', 'Zoloft (Drug)', 'Eli Lilly and Company', 'Food and Drug Administration']"
A Season With the Arlee Warriors,"['Basketball', 'Suicides and Suicide Attempts', 'Native Americans', 'Arlee (Mont)', 'Interscholastic Athletics']"
Unknown,['Crossword Puzzles']
Should a Landlord Refund a Fee For Amenities That Aren’t Available?,"['Renting and Leasing (Real Estate)', 'Real Estate and Housing (Residential)', 'Landlords', 'Prices (Fares, Fees and Rates)']"
"Renegades Once, Now the Mainstream","['Skateboarding', 'Area Planning and Renewal', 'Gentrification', 'New York City', 'United States']"
Risotto From Sri Lanka Is Just as Good,"['Immigration and Emigration', 'Italian Food (Cuisine)', 'League (Italian Political Party)', 'Salvini, Matteo', 'Italy', 'Lombardy (Italy)', 'Sri Lanka', 'Europe', 'Restaurants', 'Pasta']"
Unknown,['Crossword Puzzles']
Mr. Trump’s Trade Bombast,"['Trump, Donald J', 'Customs (Tariff)', 'International Trade and World Market', 'United States Politics and Government', 'China', 'North American Free Trade Agreement', 'United States International Relations']"
Friday Night Music: Samantha Fish,[]
The Germs That Love Diet Soda,"['Microbiology', 'Digestive Tract', 'Diet and Nutrition', 'Artificial Sweeteners', 'Food Additives', 'Nature (Journal)', 'Britton, Robert A']"
Something Extra With Every DVD,"['Movies', 'Duffer, Matt', 'Duffer, Ross', 'DVD (Digital Versatile Disc)', 'Colangelo, Sara']"
Chief of Staff Advised a Resistant President to Fire the E.P.A.’s Chief,"['Pruitt, Scott', 'Environmental Protection Agency', 'Ethics and Official Misconduct', 'Kelly, John F (1950- )', 'Trump, Donald J', 'United States Politics and Government']"
Current TB Treatment May Be Insufficient,"['Tuberculosis', 'Research', 'Uganda', 'World Health Organization', 'Clinical Infectious Diseases (Journal)']"
"Saudi Prince’s Tour: Murdoch, Gates, Oprah …","['Saudi Arabia', 'Mohammed bin Salman (1985- )', 'Muslims and Islam', 'United States International Relations', 'Royal Families', ""Women's Rights"", 'Human Rights and Human Rights Violations', 'Trump, Donald J']"
Buying Political Ad on Facebook?  The Anonymous Need Not Apply,"['Facebook Inc', 'Political Advertising', 'Zuckerberg, Mark E', 'Russian Interference in 2016 US Elections and Ties to Trump Associates']"
Asparagus Has Earned Its Divine Status,"['Cooking and Cookbooks', 'Asparagus', 'Vegetables', 'Capers', 'Great Britain']"
"Now Early for Work, Frustrated New Yorkers Blame the Subway","['Subways', 'Transit Systems', 'Delays (Transportation)', 'Commuting', 'New York City']"
"Catering to Fliers at 30,000 Feet","['Cooking and Cookbooks', 'Airlines and Airplanes', 'Restaurants', 'Food', 'Chefs', 'Culinary Institute of America', 'Deutsche Lufthansa AG', 'Careers and Professions', 'Poultry']"
"Democracy, The Enemy","['Hungary', 'Orban, Viktor', 'Elections', 'Fidesz Party', 'Politics and Government', 'Refugees and Displaced Persons', 'Poland', 'Kaczynski, Jaroslaw', 'Law and Justice (Poland)', 'European Union', 'Soros, George', 'North Atlantic Treaty Organization', 'United States International Relations']"
"Cecil Taylor, Bracing Pianist Who Defied Jazz Orthodoxy, Is Dead at 89","['Taylor, Cecil', 'Deaths (Obituaries)', 'Jazz', 'Classical Music']"
Pregnancy: Blood Pressure and Miscarriage,"['Pregnancy and Childbirth', 'Blood Pressure', 'Miscarriages', 'Hypertension']"
A Real Estate Dynasty Is Passing the Torch,"['Real Estate and Housing (Residential)', 'Renting and Leasing (Real Estate)', 'Condominiums', 'Solow, Sheldon H', 'Meier, Richard', 'Upper East Side (Manhattan, NY)']"
Disappointing  Jobs Report Takes Shine Off Economy,"['United States Economy', 'Labor and Jobs', 'Unemployment']"
Alarms Raised On Nominees’ Views on Islam,"['Pompeo, Mike', 'Bolton, John R', 'Muslim Americans', 'Discrimination', 'Trump, Donald J', 'United States Politics and Government', 'Appointments and Executive Changes', 'Gaffney, Frank J Jr']"
Back to the Early ’80s With Michael Kors,"['Fashion and Apparel', 'Nineteen Hundred Eighties', 'Kors, Michael', 'New York City']"
Don’t Let the G.O.P. Dismantle Obama’s Student Loan Reforms,"['Student Loans', 'Pell Grants', 'Education Department (US)', 'Republican Party', 'Obama, Barack']"
"Hate-Watching HGTV, Just Like Me","['Real Estate and Housing (Residential)', 'Home Repairs and Improvements', 'Television', 'HGTV']"
Unknown,[]
U.S. Puts New Sanctions On Putin’s Inner Circle,"['Russia', 'Embargoes and Sanctions', 'Putin, Vladimir V', 'Trump, Donald J', 'United States International Relations', 'United States Politics and Government', 'Russian Interference in 2016 US Elections and Ties to Trump Associates', 'Diplomatic Service, Embassies and Consulates']"
Unknown,"['International Trade and World Market', 'Politics and Government', 'United States Politics and Government', 'Customs (Tariff)', 'Trump, Donald J']"
Unknown,"['News and News Media', 'Sinclair Broadcast Group Inc', 'Rumors and Misinformation', 'Television']"
Unknown,"['Coughs', 'Pain-Relieving Drugs', 'Codeine', 'Colds']"
The Gendered Politics of New York’s Emasculator in Chief,"['Public and Subsidized Housing', 'Politics and Government', 'Elections, Governors', 'Housing Authority (NYC)', 'Cuomo, Andrew M', 'de Blasio, Bill', 'Nixon, Cynthia', 'New York State']"
Unknown,['New York City']
We Were Ready to Give Up on a Second Baby Until a ‘Miracle’ Arrived,"['Miscarriages', 'Pregnancy and Childbirth', 'Parenting', 'Children and Childhood', 'Families and Family Life']"
‘Chappaquiddick’ Is Bad History,"['Movies', 'Chappaquiddick (Movie)', 'Kennedy Family', 'Kennedy, Edward M', 'Kopechne, Mary Jo', ""Martha's Vineyard (Mass)""]"
The Conspiracy Theory That Says Trump Is a Genius,"['Trump, Donald J', 'United States Politics and Government', 'Rumors and Misinformation', 'Social Media', 'Fringe Groups and Movements', 'Barr, Roseanne']"
Fascism on The March,"['Trump, Donald J', 'United States International Relations', 'United States Politics and Government', 'Human Rights and Human Rights Violations']"
The New Power Structure,"['Fringe Groups and Movements', 'Social Conditions and Trends', 'Timms, Henry', 'Heimans, Jeremy', 'New Power: How Businesses Thrive, Movements Begin, and Ideas Catch Fire in Our Highly Connected World (Book)', 'Books and Literature']"
Blast From the Past,"['Prices (Fares, Fees and Rates)', 'New York City']"
Trump Denies Knowledge Of Payment To Porn Star,"['Trump, Donald J', 'Clifford, Stephanie (1979- )', 'Adultery', 'Cohen, Michael D (1966- )', 'United States Politics and Government', 'Suits and Litigation (Civil)']"
The Art  Of the Flail,"['Stocks and Bonds', 'Trump, Donald J', 'China', 'International Trade and World Market', 'United States Politics and Government', 'United States International Relations']"
Officials at E.P.A. Raised Concerns And Were Ousted,"['Environmental Protection Agency', 'Pruitt, Scott', 'Chmielewski, Kevin', 'Allen, Reginald E', 'Weese, Eric', 'Reeder, John E', 'Martin, John C', 'Jackson, Ryan T', 'Ethics and Official Misconduct', 'Trump, Donald J', 'United States Politics and Government']"
"Trump, Off Script, Blasts Democrats on Immigration","['Trump, Donald J', 'United States Politics and Government', 'Immigration and Emigration', 'Illegal Immigration', 'Tax Cuts and Jobs Act (2017)']"
Restaurateur Stephen Starr Teams With Keith McNally to Reopen Pastis,"['McNally, Keith', 'Starr, Stephen', 'Pastis (Manhattan, NY, Restaurant)', 'Restaurants']"
The Limits Of a Liberal Nirvana,"['Clark, Stephon (1995-2018)', 'Blacks', 'Police Brutality, Misconduct and Shootings', 'Sacramento County (Calif)', 'California', 'Discrimination', 'Minorities', 'Income Inequality']"
Sometimes a Broken Glass Is Just a Broken Glass,"['Movies', 'Dullea, Keir', 'Kubrick, Stanley', '2001: A Space Odyssey (Movie)']"
"In a Big Room, but Protecting the Small Moments","['Pop and Rock Music', 'Lorde', 'Melodrama (Album)']"
Painfully Sick From Marijuana,"['Marijuana', 'Emergency Medical Treatment', 'Hospitals', 'Nausea', 'Anxiety and Stress', 'Pain']"
"U.S. Forces in Syria: Building More Outposts, Pulling Up Lawn Chairs","['United States Defense and Military Forces', 'Islamic State in Iraq and Syria (ISIS)', 'Syria', 'United States Special Operations Command', 'Manbij (Syria)', 'Trump, Donald J']"
Someone’s Prom Plans Don’t Include Sex,"['Movies', 'Blockers (Movie)', 'Cannon, Kay (1974- )', 'Mann, Leslie', 'Cena, John', 'Barinholtz, Ike (1977)']"
Tight Labor Market Squeezes Restaurants,"['Labor and Jobs', 'Restaurants', 'Shortages', 'Chefs', 'Ex-Convicts', 'Hiring and Promotion', 'Wages and Salaries', 'Meyer, Danny', 'Batali, Mario', 'Taco Bamba Taqueria']"
Growing Crisis Threatens E.P.A. Chief as Top Aides Eye the Exits,"['United States Politics and Government', 'Ethics and Official Misconduct', 'Environmental Protection Agency', 'Dravis, Samantha', 'Jackson, Ryan T', 'Pruitt, Scott', 'Trump, Donald J']"
Why China Is Confident It Can Beat Trump in a Trade War,"['United States International Relations', 'International Trade and World Market', 'Protectionism (Trade)', 'Customs (Tariff)', 'Communist Party of China', 'World Trade Organization', 'Xi Jinping', 'Trump, Donald J', 'China', 'United States', 'Economic Conditions and Trends']"
Unknown,[]
Buzz Cuts: The Politics of (No) Hair,"['Hair', 'Women and Girls', 'Parkland, Fla, Shooting (2018)', 'Gonzalez, Emma', 'McGowan, Rose']"
"In One Battle After Another, It’s Trump v. California","['Trump, Donald J', 'Federal-State Relations (US)', 'California', 'Suits and Litigation (Civil)', 'Sessions, Jefferson B III', 'Becerra, Xavier', 'Constitution (US)', 'Deferred Action for Childhood Arrivals', 'Justice Department', 'State Legislatures']"
Unknown,"['Real Estate and Housing (Residential)', 'Muttontown (NY)', 'Danbury (Conn)']"
Homes for Sale in Manhattan and Brooklyn,"['Real Estate and Housing (Residential)', 'Condominiums', 'Sea Gate (Brooklyn, NY)', 'Lenox Hill (Manhattan, NY)', 'Chelsea (Manhattan, NY)']"
Unknown,[]
Unknown,['New York City']
A Harder Death for People With Intellectual Disabilities,"['Intellectual Disabilities', 'Death and Dying']"
The Contract With Authoritarianism,"['United States Politics and Government', 'Voting and Voters', 'Trump, Donald J', 'Polls and Public Opinion', 'Republican Party', 'Democratic Party', 'Liberalism (US Politics)', 'Conservatism (US Politics)']"
"Trump, Driven by Fear","['United States Politics and Government', 'Trump, Donald J']"
"A Tiny Elevator, Haunting Thoughts","['Avitto, Prince Joshua', 'Capers, Mikayla', 'St Hubert, Daniel', 'East New York (Brooklyn, NY)', 'Murders, Attempted Murders and Homicides', 'Elevators and Escalators', 'Public and Subsidized Housing', 'Cameras', 'Security and Warning Systems', 'Housing Authority (NYC)', 'Brooklyn (NYC)']"
"‘Oh, God, You, Too?’ More Women Accuse Architect of Misconduct","['Meier, Richard', 'Architecture', 'Sexual Harassment', '#MeToo Movement', 'Bruckner, Karin', 'Delgado, Eileen', 'Lee, Liz', 'Nathanson, Lucy']"
Finding a Place (and a Decent Kitchen) to Call Her Own,"['Real Estate and Housing (Residential)', 'Renting and Leasing (Real Estate)', 'Upper East Side (Manhattan, NY)']"
Pentagon Wades Deeper  Into Detainee Operations Run by Kurds in Syria,"['United States Defense and Military Forces', 'Terrorism', 'Detainees', 'Kurds', 'United States Politics and Government', 'United States International Relations', 'Defense Department', 'Islamic State in Iraq and Syria (ISIS)', 'Syria', 'Iraq']"
Recovery Plan,"['Colleges and Universities', 'Education', 'Admissions Standards', 'Edinboro University of Pennsylvania', 'Northeastern University']"
A Mueller Weakness Becomes a Strength,"['Russian Interference in 2016 US Elections and Ties to Trump Associates', 'Special Prosecutors (Independent Counsel)', 'United States Politics and Government', 'Politics and Government', 'Attorneys General', 'Iran-Contra Affair', 'Watergate Affair', 'Ethics and Official Misconduct', 'Federal Bureau of Investigation', 'Justice Department', 'Trump, Donald J', 'Sessions, Jefferson B III', 'Rosenstein, Rod J', 'Nixon, Richard Milhous', 'Comey, James B', 'Mueller, Robert S III', 'Fitzgerald, Patrick J', 'United States']"
Life or Death,"['Books and Literature', ""O'Farrell, Maggie"", 'I Am I Am I Am: Seventeen Brushes with Death (Book)', 'Death and Dying']"
"In Trade War, Usual Commerce Rules May Not Apply","['International Trade and World Market', 'Customs (Tariff)', 'China', 'United States', 'Economic Conditions and Trends', 'International Relations']"
How Lisa Murkowski Mastered Trump’s Washington,"['Murkowski, Lisa', 'Murray, Patty', 'Collins, Susan M', 'Trump, Donald J', 'Arctic National Wildlife Refuge', 'Alaska']"
Mike Myers’s Dr. Evil Tells Jimmy Fallon He Was Fired From the White House,"['Fallon, Jimmy', 'The Tonight Show (TV Program)', 'Myers, Michael P (1966- )', 'Meyers, Seth', 'Kimmel, Jimmy', 'Rogen, Seth', 'Bannon, Stephen K', 'Late Night with Seth Meyers (TV Program)']"
Do You Need a Homework Therapist?,[]
Teaching Activities for: ‘Hot Springs Lower Stress in Japan’s Popular Bathing Monkeys’,[]
Temple Elephants Find Friends and Care at This Retreat in India,"['Elephants', 'Photography', 'International Relations', 'Lakshmanan, Selvaprakash', 'India']"
Sheep,[]
"Dylan, St. Vincent And Others Sing  About Gay Love","['Dylan, Bob', 'Homosexuality and Bisexuality', 'Pop and Rock Music', 'Same-Sex Marriage, Civil Unions and Domestic Partnerships', 'American Songbook (Music Series)', 'MGM Resorts International', 'Kesha', 'Gibbard, Benjamin (1976- )']"
Safety: Marijuana and Fatal Car Crashes,"['Traffic Accidents and Safety', 'Drug Abuse and Traffic', 'Marijuana', 'Deaths (Fatalities)']"
"‘The Americans’ Season 6, Episode 2 Recap: Our People","['The Americans (TV Program)', 'Television']"
"Overlooked No More: Bessie B. Stringfield, the ‘Motorcycle Queen of Miami’","['Stringfield, Bessie B (1911/12-93)', 'Motorcycles, Motor Bikes and Motorscooters', 'Women and Girls', 'Blacks', 'Miami (Fla)', 'Biographical Information']"
Causing a Walk-off,"['Crossword Puzzles', 'Baseball']"
YouTube Complaints From Attacker Echoed Fight Over Ad Dollars,"['Online Advertising', 'Veganism', 'YouTube.com', 'Aghdam, Nasim Najafi (1979-2018)', 'Murders, Attempted Murders and Homicides']"
Mr. Trump’s Flawed Border Plan,"['Trump, Donald J', 'Border Barriers', 'Mexico', 'Illegal Immigration', 'United States Defense and Military Forces', 'Defense Department', 'Posse Comitatus Act (1878)', 'Reserves (Military)', 'Homeland Security Department', 'National Guard']"
U.S. Risks Trapping Manufacturers in the Crossfire,"['China', 'Trump, Donald J', 'Customs (Tariff)', 'International Trade and World Market', 'Factories and Manufacturing', 'Prices (Fares, Fees and Rates)', 'United States Economy', 'United States International Relations', 'United States Politics and Government']"
U.S.-China Trade Tensions   Send Indexes Lower Again,"['International Trade and World Market', 'China', 'United States', 'Trump, Donald J']"
Letting Go of a Family Homestead,"['Real Estate and Housing (Residential)', 'Historic Buildings and Sites', 'Families and Family Life', 'Greenpoint (Brooklyn, NY)', 'Windsor Terrace (Brooklyn, NY)', 'Kennebunk (Me)', 'East Hampton (NY)']"
Unknown,"['United States Economy', 'Labor and Jobs', 'Wages and Salaries', 'Inflation (Economics)', 'Unemployment', 'Hiring and Promotion', 'Factories and Manufacturing', 'Labor Department (US)']"
Architecture’s Forensic Gaze,"['Forensic Architecture', 'Weizman, Eyal', 'Forensic Science', 'Architecture', 'Human Rights and Human Rights Violations', 'Police Brutality, Misconduct and Shootings', 'Defense and Military Forces', 'Palestinians', 'Institute of Contemporary Arts (London, England)', 'Israel', 'Syria', 'West Bank']"
Indian Women’s American Dreams in Jeopardy,"['Trump, Donald J', 'Foreign Workers', 'Visas', 'Immigration and Emigration', 'India', 'Women and Girls', 'United States Politics and Government']"
A Producer on His Role:  He Supplied ‘the Dough’,"['Scaramucci, Anthony', 'Movies', 'Home Box Office', 'Paterno (Movie)', 'Pacino, Al', 'Trump, Donald J', 'United States Politics and Government']"
Souvenirs Mean More Than Just ‘I’ve Been There’,"['Travel and Vacations', 'Memorabilia and Souvenirs', 'Potts, Rolf', 'Souvenir (Book)', 'Books and Literature']"
Forget the Logo. This Store Has the Quirks of Another Era.,"['Kirtchuk, Ari', 'AT&T Inc', 'Customer Relations', 'Shopping and Retail', 'Telephones and Telecommunications', 'Smartphones', 'Park Slope (Brooklyn, NY)']"
Unknown,[]
Why Did Garry Winogrand Photograph That?,"['Winogrand, Garry', 'Dyer, Geoff', 'Photography', 'Writing and Writers', 'Books and Literature', 'Archives and Records']"
Teaching Activities for: ‘I Spy at New York’s Museum of Deception’,[]
Campus,[]
South Korea’s Ex-President Sentenced to 24 Years in Corruption Scandal,"['Park Geun-hye', 'Choi Soon-sil', 'South Korea', 'Bribery and Kickbacks', 'Impeachment', 'Corruption (Institutional)', 'Samsung Group', 'Samsung Electronics Co']"
Macron’s Fight on Radical Islam May Lead to Exile of Vocal Imam,"['France', 'Macron, Emmanuel (1977- )', 'Politics and Government', 'Doudi, El Hadi', 'Muslims and Islam', 'Terrorism', 'Mosques', 'Marseille (France)', 'Deportation']"
"‘RuPaul’s Drag Race’ Season 10, Episode 3: Fifty Shades of Mayhem","['Television', ""RuPaul's Drag Race (TV Program)""]"
Small Slice of Pizza,"['Crossword Puzzles', 'Samberg, Andy', 'Shortz, Will', 'Brooklyn Nine-Nine (TV Program)']"
Locals Knew He Was Mentally Ill. Officers Who Shot Him Didn’t.,"['Vassell, Saheed (d 2018)', 'Police Brutality, Misconduct and Shootings', 'Blacks', 'Police Department (NYC)', 'de Blasio, Bill', 'Mental Health and Disorders', 'Crown Heights (Brooklyn, NY)']"
"Immigrants Keep Crossing Border, Undeterred by Washington’s Whims","['Illegal Immigration', 'Trump, Donald J', 'National Guard', 'Border Patrol (US)', 'Catholic Charities', 'Immigration Detention', 'Texas', 'McAllen (Tex)', 'Mexico', 'United States Politics and Government']"
White House Sees Hope for Agreement on Nafta,"['United States Politics and Government', 'North American Free Trade Agreement', 'Canada', 'Mexico', 'International Trade and World Market', 'Trump, Donald J', 'United States International Relations']"
Gun Makers Must Do More,"['Gun Control', 'Firearms', 'Parkland, Fla, Shooting (2018)', 'American Outdoor Brands Corp', 'Smith & Wesson', 'Centers for Disease Control and Prevention']"
"Guard Took $45,000 in Bribes For Luxuries, Prosecutors Say","['Prison Guards and Corrections Officers', 'Casado, Victor (Manhattan, NY, Corrections Officer)', 'Bribery and Kickbacks', 'Metropolitan Correctional Center (Manhattan, NY)', 'Prisons and Prisoners', 'Atilla, Mehmet Hakan', 'Zarrab, Reza (1983- )', 'Manhattan (NYC)', 'Turkey']"
Trump Escalates Fight With China In Tariff Threat,"['China', 'Trump, Donald J', 'International Trade and World Market', 'Customs (Tariff)', 'United States Politics and Government', 'United States International Relations']"
‘All It Takes Is One Mistake’: Worries About Sending National Guard to Border,"['Illegal Immigration', 'United States Defense and Military Forces', 'Immigration and Emigration', 'United States International Relations', 'Defense Department', 'National Guard', 'Border Patrol (US)', 'Central America', 'Mexico', 'United States']"
Police in Brooklyn Kill a Man Pointing a Pipe Believed to Be a Gun,"['Police Brutality, Misconduct and Shootings', 'Police Department (NYC)', 'Crown Heights (Brooklyn, NY)', 'Vassell, Saheed (d 2018)', 'Mental Health and Disorders']"
Infrastructure Fund Is Slow To Equal Hype ,"['Private Equity', 'Infrastructure (Public Works)', 'Blackstone Group, The', 'Schwarzman, Stephen A']"
Shhhh. Silence Is Survival.,"['A Quiet Place (Movie)', 'Blunt, Emily', 'Krasinski, John', 'Simmonds, Millicent', 'Woods, Bryan (1984- )', 'Movies']"
A Mostly Quiet Car,"['Subways', 'Levine, Philip (1928-2015)', 'New York City', 'Poetry and Poets']"
Mr. Trump’s War on the Truth,"['Trump, Donald J', 'Freedom of the Press', 'Rumors and Misinformation', 'News and News Media', 'United States Politics and Government', 'Freedom of Speech and Expression', 'Politics and Government', 'Amazon.com Inc', 'Washington Post', 'Bezos, Jeffrey P', 'India', 'Malaysia']"
An Enchanted Home Inside a Library,"['Theater', 'Feeding the Dragon (Play)', 'Washington, Sharon', 'Primary Stages Co', 'Mileaf, Maria']"
Britain Aims to Close Pay Gap With Transparency and Shame  ,"['Great Britain', 'Women and Girls', 'Discrimination', 'Wages and Salaries', 'Executive Compensation', ""Women's Rights"", 'Labor and Jobs', 'Income Inequality']"
"Can Ryan Be Defeated? Maybe Not, but His Race Is ‘a Circus’","['Wisconsin', 'Elections, House of Representatives', 'Ryan, Paul D Jr', 'Bryce, Randy (1964- )', 'Myers, Cathy (1962- )', 'Nehlen, Paul F III', 'United States Politics and Government', 'Tax Cuts and Jobs Act (2017)']"
Trump Will Work With Governors to Deploy National Guard to the Border,"['Trump, Donald J', 'National Guard', 'Immigration and Emigration', 'Illegal Immigration', 'Homeland Security Department', 'Governors (US)', 'Mexico']"
Why Is New York Condoning Illiteracy?,"['Hasidism', 'Education (K-12)', 'Felder, Simcha', 'Jews and Judaism', 'Budgets and Budgeting', 'Private and Sectarian Schools', 'Young Advocates for Fair Education', 'Borough Park (Brooklyn, NY)', 'Midwood (Brooklyn, NY)', 'New York State']"
"Big Footprints: On a Scottish Isle, Signs of a Playground For Dinosaurs","['Dinosaurs', 'Paleontology', 'Scotland', 'Isle of Skye (Scotland)', 'Brusatte, Stephen L', 'Scottish Journal of Geology', 'dePolo, Paige']"
"Ohio Is Lovely, But a Primary Tempts Kasich","['Kasich, John R', 'New Hampshire', 'Republican Party', 'Trump, Donald J', 'Presidential Election of 2020', 'Primaries and Caucuses', 'Presidential Election of 2016']"
Hearing From Readers Over Multiple Channels,"['Social Media', 'News and News Media', 'Smartphones', 'New York Times']"
Balancing the Chaos Of a Mighty Universe,"['Thorvaldsdottir, Anna', 'Metacosmos (Musical Work)', 'Classical Music', 'New York Philharmonic']"
Older? Yes. Wiser? Well ...,"['Reality Television', 'Jersey Shore Family Vacation (TV Program)', 'Trading Spaces (TV Program)', 'Davis, Paige (1969- )', 'Pennington, Ty', 'Polizzi, Nicole', 'DelVecchio, Paul', 'Sorrentino, Michael']"
"Beyond the City, Rents Rise and Homelessness Follows","['Homeless Persons', 'Rent Control and Stabilization', 'Evictions', 'State Legislatures', 'New York Communities for Change', 'New York State', 'New York City', 'Rochester (NY)', 'Hempstead (NY)']"
Trump Is ‘Saving Us’: Minnesota Miners Warm to Tariffs and G.O.P.,"['Steel and Iron', 'Mines and Mining', 'Minnesota', 'Elections, House of Representatives', 'Trump, Donald J', 'United States Politics and Government', 'International Trade and World Market', 'Customs (Tariff)']"
‘A Walking Miracle’ Making a Last Stand,"['Golf', 'Woods, Tiger', 'Masters Golf Tournament', 'Augusta National Golf Club']"
Europe’s Houses of Worship in Astounding Detail,"['Art', 'Brunetti, Markus', 'Photography', 'Yossi Milo Gallery', 'Architecture', 'Italy']"
President Pulls Back From Call for a Total Withdrawal From Syria,"['Syria', 'Trump, Donald J', 'United States Defense and Military Forces', 'United States International Relations', 'Islamic State in Iraq and Syria (ISIS)', 'Terrorism']"
A Google Military Project Fuels Internal Dissent,"['Google Inc', 'Artificial Intelligence', 'Defense Contracts', 'United States Defense and Military Forces', 'Drones (Pilotless Planes)', 'Pichai, Sundar']"
When Robert F. Kennedy Told an Indianapolis Crowd of King’s Assassination,"['Kennedy, Robert Francis', 'Kennedy, John Fitzgerald', 'King, Martin Luther Jr', 'Indianapolis (Ind)', 'United States Politics and Government', 'Presidential Election of 1968', 'Assassinations and Attempted Assassinations', 'Civil Rights Movement (1954-68)']"
Facebook Puts Profile Breach At 87 Million,"['Facebook Inc', 'Zuckerberg, Mark E', 'Data-Mining and Database Marketing', 'Cambridge Analytica', 'Presidential Election of 2016', 'Trump, Donald J', 'Russian Interference in 2016 US Elections and Ties to Trump Associates', 'United States Politics and Government']"
White House Edges Back From Brink of Trade War,"['China', 'Trump, Donald J', 'International Trade and World Market', 'Customs (Tariff)', 'Protectionism (Trade)', 'United States Politics and Government', 'United States International Relations']"
"Officially a Good Guy, With Blood All Over","['Movies', 'You Were Never Really Here (Movie)', 'Phoenix, Joaquin', 'Ramsay, Lynne']"
"Right on Cue, Here Come The Jitters","['Theater', 'Roundabout Theater Co', 'Travesties (Play)', 'Hollander, Tom', 'Marber, Patrick', 'Stoppard, Tom']"
"Trade Wars, Stranded Assets, and the Stock Market (Wonkish)","['International Trade and World Market', 'Protectionism (Trade)', 'United States Economy', 'Stocks and Bonds', 'China', 'North America']"
"Where Is Googoosha,  The Less Than Cherished Uzbek First Daughter?","['Karimov, Islam', 'Karimova, Gulnara', 'Samarkand (Uzbekistan)', 'Tombs and Tombstones', 'Uzbekistan']"
Indexes Rise Even as Trade Fight Between U.S. and China Grows,"['United States Economy', 'International Trade and World Market', 'Protectionism (Trade)', 'Customs (Tariff)', 'Stocks and Bonds', 'Economic Conditions and Trends', 'Trump, Donald J', 'United States International Relations', 'United States', 'China']"
An Estate With Stained Glass Fit for a Cathedral,"['Real Estate and Housing (Residential)', 'Wales']"
Unknown,[]
"$700,000 Homes in Washington, Pennsylvania and Michigan","['Real Estate and Housing (Residential)', 'Bucks County (Pa)', 'Seattle (Wash)', 'Lake Michigan']"
Unknown,"['Aghdam, Nasim Najafi (1979-2018)', 'Murders, Attempted Murders and Homicides', 'YouTube.com', 'San Bruno (Calif)']"
Top Court Rules Brazil Can Jail Former Leader,"['Brazil', 'Da Silva, Luiz Inacio Lula', 'Supreme Federal Tribunal (Brazil)', 'Corruption (Institutional)', 'Politics and Government', 'Money Laundering', 'Decisions and Verdicts', 'Elections']"
New York Democrats End Their 7-Year Schism,"['State Legislatures', 'Cuomo, Andrew M', 'New York State', 'Stewart-Cousins, Andrea', 'Klein, Jeffrey D', 'Independent Democratic Conference (New York State Senate)', 'Democratic Party', 'Republican Party']"
Unknown,['New York City']
Bananas Outwork Sports Drinks,"['Exercise', 'Bananas', 'Beverages', 'Bicycles and Bicycling', 'Carbohydrates', 'Research', 'Appalachian State University', 'PLoS One (Journal)']"
"A Runner’s Mysterious Illness, With Her Dad at Her Side","['Running', 'Brain', 'Nerves and Nervous System', 'Tests (Medical)', 'Families and Family Life', 'Parenting']"
The G.O.P. Can Avoid A Disaster,"['Trump, Donald J', 'Republican Party', 'Midterm Elections (2018)', 'United States Politics and Government', 'Presidential Election of 2016', 'Polls and Public Opinion', 'Voting and Voters', 'Democratic Party', 'Clinton, Hillary Rodham']"
Old Boomers Never Die,"['Baby Boomers', 'Movies', 'Television', 'Republican Party', 'Trump, Donald J', 'Spielberg, Steven']"
Jimmy Kimmel Doesn’t Understand Trump’s Attacks on Amazon,"['Kimmel, Jimmy', 'Meyers, Seth', 'Trump, Donald J', 'Johnson, Dwayne (1972- )', 'Late Night with Seth Meyers (TV Program)', 'Myers, Michael P (1966- )', 'The Tonight Show (TV Program)']"
Historic Homes and a Questionable Moniker,"['Real Estate and Housing (Residential)', 'Harlem (Manhattan, NY)']"
What the Arlee Warriors Were Playing For,"['Basketball', 'Suicides and Suicide Attempts', 'Native Americans', 'Montana']"
‘This Has to Be Remembered for the Rest of Our Lives’,"['Marjory Stoneman Douglas High School (Parkland, Fla)', 'Yearbooks', 'Parkland, Fla, Shooting (2018)', 'Parkland (Fla)']"
Turning  Trauma  Into Good,"['Wood, Evan Rachel', 'Actors and Actresses', 'Television', 'Westworld (TV Program)', '#MeToo Movement', 'Sex Crimes', 'Pop and Rock Music']"
What Season Is It? Some Plants and Animals Are Baffled,"['Global Warming', 'Animals', 'Seasons and Months', 'Birds', 'Orchids', 'Bees', 'Caribou', 'Arctic Regions', 'Camouflage']"
Guiding Hand For Algebra And Anxiety,"['Tutors and Tutoring', 'Homework', 'Psychology and Psychologists', 'Education (K-12)', 'Parenting', 'New York City', 'Dweck, Carol S (1946- )', 'Brooklyn Learning Center', 'Beyond BookSmart', 'Braaten, Ellen B', 'Levy-Warren, Anna', 'Therapy and Rehabilitation']"
Anne Wojcicki Wants to Be Healthy at 100,"['Genetic Engineering', 'Genetics and Heredity', '23andMe', 'Wojcicki, Anne']"
Unknown,"['International Trade and World Market', 'China', 'United States', 'Trump, Donald J']"
The ‘Endless War’ of Land Mines in the Balkans,"['Mines, Explosive', 'Unemployment', 'Amputation', 'Photography']"
"Teaching Activities for: ‘At 12, He Had a Viral Science Video. At 14, He Fears He Was Too Rude.’",[]
What Does Dr. King’s Legacy Mean to You?,[]
Teacher Walkouts,[]
Leader in Hungary Sees Economic Miracle. Is It a Mirage?,"['Hungary', 'Orban, Viktor', 'Economic Conditions and Trends', 'Unemployment', 'Labor and Jobs', 'Fidesz Party', 'Elections', 'Wages and Salaries', 'Politics and Government']"
Cheesy Stuff,"['Crossword Puzzles', 'Yankovic, Weird Al', 'Cheese']"
"Crime, Punishment and Then What?","['Theater', 'Roundabout Theater Co', 'Bobbie Clearly (Play)', 'Lubischer, Alex', 'Davis, Will (Theater Director)', 'Shulman, Constance']"
Firms Shudder as Trump’s Tweets Mean Business,"['Trump, Donald J', 'United States Politics and Government', 'Social Media', 'Postal Service and Post Offices', 'Amazon.com Inc']"
"On Foreign Policy, the President Reverts to Candidate Trump","['Trump, Donald J', 'United States International Relations', 'United States Politics and Government', 'Iran', 'Syria']"
"For Pruitt, a Spotlight Shines on His Ethics, Not His E.P.A. Rollbacks","['Pruitt, Scott', 'Ethics and Official Misconduct', 'Regulation and Deregulation of Industry', 'Environmental Protection Agency', 'United States Politics and Government', 'Automobiles', 'Global Warming', 'Politics and Government']"
How to Win An Argument About Guns,"['Gun Control', 'Automobile Safety Features and Defects', 'Drownings', 'Suicides and Suicide Attempts', 'Second Amendment (US Constitution)', 'Murders, Attempted Murders and Homicides', 'Deaths (Fatalities)', 'YouTube.com']"
Inclusion Riders Won’t Save Hollywood,"['#MeToo Movement', 'Movies', 'Weinstein, Harvey', 'Actors and Actresses', 'McDormand, Frances', 'Sexual Harassment', 'Women and Girls', 'Women and Hollywood', 'Race and Ethnicity', 'Minorities']"
Trump’s Perversion of Leadership,"['United States Politics and Government', 'Deferred Action for Childhood Arrivals', 'Illegal Immigration', 'Corruption (Institutional)', 'Conflicts of Interest', 'Trump, Donald J']"
New Friends Upstairs,"['Nuts', 'Fort Greene (Brooklyn, NY)']"
A Shooting at YouTube’s Offices Rattles Silicon Valley,"['Aghdam, Nasim Najafi (1979-2018)', 'Murders, Attempted Murders and Homicides', 'YouTube.com', 'San Bruno (Calif)', 'Google Inc']"
"As They Honor King, Churches Ask: How Far Have We Come?","['Blacks', 'Ministers (Protestant)', 'King, Martin Luther Jr', 'Civil Rights Movement (1954-68)', 'Civil Rights and Liberties', 'Blake, Charles E Sr', 'Christians and Christianity', 'Demonstrations, Protests and Riots']"
Mourning the Loss of Another Beacon of Old Harlem,"[""St Nick's Pub (Manhattan, NY)"", 'Historic Buildings and Sites', 'Jazz', 'Harlem (Manhattan, NY)', 'Sugar Hill (Manhattan, NY)', 'Landmarks Preservation Commission', 'Lenox Lounge', 'Real Estate (Commercial)', 'vis-photo']"
Hot Springs Lower Stress in Monkeys,"['Monkeys and Apes', 'Anxiety and Stress', 'Hormones', 'Nagano (Japan)', 'Bathing and Showering', 'Animal Behavior', 'Primates (Journal)', 'Takeshita, Rafaela S C']"
"Five Attorneys General, and Me","['Attorneys General', 'Mandatory Sentencing', 'Justice Department', 'New York Times', 'Sessions, Jefferson B III', 'Holder, Eric H Jr', 'Yates, Sally Q (1960- )', 'Ashcroft, John', 'Washington (DC)', 'New Bedford (Mass)']"
Met Lets in the Light,"['Metropolitan Museum of Art', 'Restoration and Renovation', 'Art', 'Museums', 'Weiss, Daniel H', 'Christiansen, Keith', 'Manhattan (NYC)']"
Is Putin a C.I.A. Agent?,"['Russian Interference in 2016 US Elections and Ties to Trump Associates', 'Defense and Military Forces', 'Economic Conditions and Trends', 'Elections', 'Embargoes and Sanctions', 'Moscow (Russia)', 'Russia', 'Putin, Vladimir V']"
Sisters Who Chose ISIS Over Norway,"['Seierstad, Asne', 'Books and Literature', 'Norway', 'Islamic State in Iraq and Syria (ISIS)', 'Terrorism', 'Two Sisters: A Father, His Daughters, and Their Journey into the Syrian Jihad (Book)', 'Juma, Ayan', 'Juma, Leila', 'Juma, Sadiq Abdallah']"
How King Lived Is Why He Died,"['Blacks', 'King, Martin Luther Jr', 'Civil Rights Movement (1954-68)', 'Assassinations and Attempted Assassinations', 'Lorraine Motel', 'Memphis (Tenn)']"
Building a Smart City (Heated Sidewalks Included),"['Real Estate (Commercial)', 'Real Estate and Housing (Residential)', 'LStar Ventures', 'Corkum, Kyle', 'Area Planning and Renewal', 'Driverless and Semiautonomous Vehicles', 'Privacy', 'General Electric Company', 'Weymouth (Mass)']"
Turf Battle  Over Who Interprets Tax Rules,"['Tax Cuts and Jobs Act (2017)', 'Mulvaney, Mick', 'Office of Management and Budget (US)', 'Mnuchin, Steven T', 'Treasury Department', 'Federal Budget (US)', 'Federal Taxes (US)', 'United States Economy', 'United States Politics and Government', 'Trump, Donald J', 'Regulation and Deregulation of Industry']"
Women (and Men) Pushed to the Edge,"['Theater', 'Humana Festival of New American Plays', 'Louisville (Ky)', 'Actors Theater of Louisville', 'Do You Feel Anger? (Play)', 'Evocation to Visible Appearance (Play)', 'we, the invisibles (Play)', 'Marginal Loss (Play)', 'God Said This (Play)', 'Winkler, Leah Nanako', 'Gould, Morgan', 'Nelson-Greenberg, Mara', 'Bordelon, Margot (1980- )', 'Schultz, Mark (Playwright)', 'Waters, Les', 'Stanton, Susan Soon He', 'Stein, Deborah', 'McDonough, Meredith']"
Who Will Lead California as Trump Leads a Battle Against It?,"['California', 'Elections, Governors', 'Brown, Edmund G Jr', 'Newsom, Gavin', 'Villaraigosa, Antonio', 'Democratic Party', 'Trump, Donald J', 'United States Politics and Government', 'Federal-State Relations (US)']"
Johnny Cash’s Poems Get a Second Life as Songs,"['Country Music', 'Johnny Cash: Forever Words (Album)', 'Cash, John Carter', 'Cash, Johnny', 'Forever Words: The Unknown Poems (Book)', 'Poetry and Poets']"
Oaxaca on the Gowanus,"['Restaurants', 'Claro (Brooklyn, NY, Restaurant)', 'Steele, T J', 'Mexican Food (Cuisine)', 'Gowanus (Brooklyn, NY)', 'Oaxaca (Mexico)']"
The Art of the Beef Stew,"['Cooking and Cookbooks', 'Recipes', 'Beef']"
"The Last Year of Martin Luther King Jr.’s Life, According to The Times","['Demonstrations, Protests and Riots', 'Civil Rights Movement (1954-68)', 'King, Martin Luther Jr', 'Southern Christian Leadership Conference']"
The Politically Progressive Faith of Martin Luther King,"['Civil Rights and Liberties', 'Religion and Belief', 'Christians and Christianity', 'Assassinations and Attempted Assassinations', 'Civil Rights Movement (1954-68)', 'King, Martin Luther Jr', 'Memphis (Tenn)']"
Saudi Prince  Says Israelis  Have Right  To ‘Own Land’,"['Palestinians', 'Mohammed bin Salman (1985- )', 'Trump, Donald J', 'Jerusalem (Israel)', 'Saudi Arabia']"
Matter Over Mind,"['Books and Literature', 'Blue Dreams: The Science and the Story of the Drugs that Changed Our Minds (Book)', 'Slater, Lauren', 'Depression (Mental)', 'Drugs (Pharmaceuticals)', 'Mental Health and Disorders']"
The Lone Journalist on the Scene  When Dr. King Was Shot,"['Caldwell, Earl', 'King, Martin Luther Jr', 'Assassinations and Attempted Assassinations', 'News and News Media', 'Civil Rights Movement (1954-68)']"
Unknown,[]
Trial Uncovers Casual Horrors At Private Jail,"['Prisons and Prisoners', 'Privatization', 'Management & Training Corp', 'East Mississippi Correctional Facility', 'Prison Guards and Corrections Officers', 'Civil Rights and Liberties', 'Jackson (Miss)', 'Mississippi', 'Budgets and Budgeting']"
Trump Foresees  National Guard  Securing Border,"['Trump, Donald J', 'United States Defense and Military Forces', 'National Guard', 'Mexico', 'Illegal Immigration', 'United States Politics and Government', 'Central America', 'Honduras']"
Championship Game,[]
Older Americans Are ‘Hooked’ on Vitamins,"['Vitamins', 'Preventive Medicine', 'Dietary Supplements and Herbal Remedies', 'Diet and Nutrition', 'Prostate Cancer', 'Heart', 'Hazardous and Toxic Substances', 'Vegetables', 'Folic Acid', 'Vitamin E', 'Vitamin D', 'Calcium', 'Omega-3 Fatty Acids', 'Beta Carotene']"
Unknown,['New York City']
From Stand-In to Standout for Villanova,"['NCAA Basketball Championships (Men)', 'DiVincenzo, Donte (1997- )', 'Wright, Jay (1961- )', 'Basketball (College)', 'Villanova University']"
"Trump Proclaims Sexual Assault Awareness Month, and Late Night Thinks It’s a Joke","['Fallon, Jimmy', 'Kimmel, Jimmy', 'Meyers, Seth', 'Trump, Donald J', 'Pruitt, Scott', 'Late Night with Seth Meyers (TV Program)', 'The Tonight Show (TV Program)']"
‘A Bedford Tale’ by a Son of the Bronx,"['Real Estate and Housing (Residential)', 'Palminteri, Chazz', 'A Bronx Tale: The Musical (Play)', 'Bedford (NY)']"
Pairs Well With a Trade War,"['International Trade and World Market', 'Wines', 'Customs (Tariff)', 'Luxury Goods and Services', 'Shopping and Retail', 'Ridge Vineyards', 'China', 'California', 'Honig Vineyard and Winery (Rutherford, Calif)', 'Opus One Winery']"
Mixing Work With Pleasure on Hurricane-Damaged Islands,"['Travel and Vacations', 'Volunteers and Community Service', 'Hurricane Maria (2017)']"
Into the Ancient Land of the Cloud Warriors,"['Peru', 'Travel and Vacations', 'Archaeology and Anthropology']"
Should the New Girlfriend Of an Awful Ex-Husband Be Warned?,"['Dating and Relationships', 'Insurance', 'Health Insurance and Managed Care', 'Workplace Environment', 'Frauds and Swindling', 'Ethics (Personal)', 'Lying']"
The Case of The Missing Booksellers,"['Politics and Government', 'Communist Party of China', 'Xi Jinping', 'China']"
Necessary Evil,"['Computers and the Internet', 'Slate (Magazine)', 'Trump, Donald J', 'United States Politics and Government']"
How Can a Doctor Grapple With the Epidemic of Cost?,"['Health Insurance and Managed Care', 'Medicine and Health', 'Drugs (Pharmaceuticals)', 'United States', 'Europe']"
Bracing for the Siege of Lower Manhattan,"['Buses', 'Subways', 'Transit Systems', 'Metropolitan Transportation Authority', 'Brooklyn (NYC)', 'Manhattan (NYC)', 'Chinatown (Manhattan, NY)', 'SoHo (Manhattan, NY)', 'West Village (Manhattan, NY)', 'Williamsburg Bridge (NYC)', 'Williamsburg (Brooklyn, NY)', 'Area Planning and Renewal']"
Dear Match Book: In Search of Comfort Reading,['Books and Literature']
What It Was Like to Finally Write My Will,"['Wills and Estates', 'Inheritance and Estate Taxes', 'Death and Dying', 'Pensions and Retirement Plans']"
Do You Vape?,[]
Superman’s Alien Name,['Crossword Puzzles']
The Most Influential Man on Earth,"['Politics and Government', 'Putin, Vladimir V', 'Russia', 'Democracy (Theory and Philosophy)']"
Voter Suppression’s Legacy Lives On,"['Voting Rights Act (1965)', 'Voter Registration and Requirements', 'Blacks', 'Discrimination', 'Law and Legislation', 'Race and Ethnicity', 'Supreme Court (US)', 'King, Martin Luther Jr', 'Lewis, John R', 'Roberts, John G Jr', 'North Carolina', 'Alabama', 'Georgia', 'Shelby County (Ala)', 'Southern States (US)']"
Reliving Those Arabian Nights,"['Theater', 'Pay No Attention to the Girl (Play)', 'Target Margin Theater', 'Herskovits, David', 'The One Thousand and One Nights (Book)']"
A Button Facebook Could Use: ‘Why Me?’,"['Social Media', 'Zuckerberg, Mark E', 'Facebook Inc', 'Online Advertising', 'Privacy', 'Regulation and Deregulation of Industry', 'Cambridge Analytica']"
Industry Giants Register Dissent On Trade Action,"['China', 'Trump, Donald J', 'Customs (Tariff)', 'International Trade and World Market', 'United States', 'Foreign Investments', 'Committee on Foreign Investment in the United States (CFIUS)', 'Pork']"
The Autocrats’ Playbook,"['Trump, Donald J', 'Bezos, Jeffrey P', 'Amazon.com Inc', 'Washington Post', 'News and News Media', 'Newspapers', 'E-Commerce', 'United States Politics and Government']"
What’s the Matter With Trumpland?,"['Trump, Donald J', 'Income Inequality', 'Economic Conditions and Trends', 'United States Economy', 'Politics and Government', 'United States Politics and Government']"
G.O.P. Leaders Fear Toll From Bruising Primary Battles,"['Republican Party', 'Midterm Elections (2018)', 'Primaries and Caucuses', 'United States Politics and Government', 'Elections, Senate', 'Senate', 'Donnelly, Joseph Simon', 'Messer, Luke (1969- )', 'Trump, Donald J', 'Indiana', 'Braun, Michael (1954- )', 'Rokita, Todd (1970- )']"
"A Lobbyist, A Condo Deal, A Green Light","['Pruitt, Scott', 'Conflicts of Interest', 'Environmental Protection Agency', 'Enbridge Incorporated', 'Pipelines', 'Enbridge Inc', 'United States Politics and Government', 'Lobbying and Lobbyists', 'Williams & Jensen PLLC', 'Canada', 'Greenhouse Gas Emissions', 'Oil (Petroleum) and Gasoline']"
The Wrong Way to Unclog Streets,"['Congestion Pricing', 'Manhattan (NYC)', 'Roads and Traffic', 'Politics and Government', 'Budgets and Budgeting', 'Car Services and Livery Cabs', 'Cuomo, Andrew M', 'New York City', 'New York State']"
What ‘2001’ Got Right,"['2001: A Space Odyssey (Movie)', 'Movies', 'Clarke, Arthur C', 'Kubrick, Stanley', 'Artificial Intelligence']"
Border Patrol Agent Has Trump’s Ear,"['Illegal Immigration', 'United States Politics and Government', 'Immigration and Emigration', 'Border Barriers', 'Endorsements', 'Border Patrol (US)', 'Fox News Channel', 'National Border Patrol Council', 'Trump, Donald J', 'Mexico']"
Matzo for the Birds,"['Matzoh', 'Riverdale (Bronx, NY)']"
"Just Super, Nova","['Basketball (College)', 'NCAA Basketball Championships (Men)', 'Villanova University', 'University of Michigan']"
"Family: Antibiotics, Antacids, Allergies","['Antibiotics', 'Asthma', 'Allergies', 'Heartburn', 'Drugs (Pharmaceuticals)', 'Babies and Infants']"
"Escort and Her ‘Coach,’ Held in Thailand Jail, Offer Secrets on Russia","['Russian Interference in 2016 US Elections and Ties to Trump Associates', 'Vashukevich, Anastasia', 'Kirillov, Alexander', 'Thailand', 'Putin, Vladimir V', 'Manafort, Paul J', 'Deripaska, Oleg V', 'Navalny, Aleksei A', 'Trump, Donald J', 'Belarus', 'Russia']"
Divisive Oratory Daily Has a Nation Spellbound,"['Turkey', 'Erdogan, Recep Tayyip', 'Politics and Government', 'Speeches and Statements']"
California Vows to Fight U.S. Efforts to Reduce Car Pollution Standards,"['Global Warming', 'Environment', 'Greenhouse Gas Emissions', 'Carbon Dioxide', 'Fuel Efficiency', 'Automobiles', 'Fuel Emissions (Transportation)', 'Pruitt, Scott', 'Environmental Protection Agency', 'United States Politics and Government', 'Trump, Donald J']"
A Year Of Peak Picasso,"['Art', 'Tate Modern', 'Picasso, Pablo', 'Museums', 'London (England)']"
Stocks Sink As a Bump Gives Way To a Bear,"['Stocks and Bonds', ""Standard & Poor's 500-Stock Index"", 'Trump, Donald J', 'Amazon.com Inc', 'Postal Service (US)', 'International Trade and World Market', 'Customs (Tariff)', 'China']"
Like to Go Out in Sweatpants?  Don’t Be an N.F.L. Cheerleader,"['Cheerleaders', 'Football', 'Equal Employment Opportunity Commission', 'National Football League', 'Davis, Bailey', 'New Orleans Saints', 'Women and Girls', 'Workplace Hazards and Violations', 'Discrimination']"
Russia Sends Hasty R.S.V.P. to Trump Invitation,"['United States International Relations', 'Putin, Vladimir V', 'Trump, Donald J', 'United States Politics and Government', 'Russia']"
"In a Changing South Bronx, Residents See a New Jail as a Step Backward","['Prisons and Prisoners', 'Rikers Island Prison Complex', 'Lippman, Jonathan', 'Salamanca, Rafael Jr (1980- )', 'Mott Haven (Bronx, NY)', 'Hunts Point (Bronx, NY)', 'Bronx (NYC)']"
Life After Disgrace?,"['Batali, Mario', 'Chefs', 'Restaurants', 'Sexual Harassment', '#MeToo Movement', 'New York City', 'Batali & Bastianich Hospitality Group']"
Teachers Walk Out in 2 States as Fervor Spreads,"['Education (K-12)', 'Teachers and School Employees', 'State Legislatures', 'Law and Legislation', 'Strikes', 'Wages and Salaries', 'Kentucky', 'Oklahoma', 'Arizona']"
What the Heck Is That?: NIOBE,"['Crossword Puzzles', 'Myths and Mythical Creatures']"
A Tradition of Treats,"['Cooking and Cookbooks', 'Jews and Judaism', 'Passover', 'New York City', 'Morocco']"
"‘Here and Now’ Season 1, Episode 8: The Absurdist Hero","['Television', 'Here and Now (TV Program)']"
Winnie Madikizela-Mandela Is Dead at 81; Fought South African Apartheid,"['Apartheid (Policy)', 'African National Congress', 'Madikizela-Mandela, Winnie', 'Mandela, Nelson', 'Deaths (Obituaries)', 'South Africa']"
A Dolphin Die-Off in Brazil ‘Is Only the Tip of the Iceberg’,"['Dolphins and Porpoises', 'Sepetiba Bay (Brazil)', 'Viruses', 'Water Pollution', 'Coastal Areas', 'Brazil', 'Fishing, Commercial', 'Rio de Janeiro (Brazil)', 'vis-photo']"
Unknown,[]
Trump Returns To a Hard Line On Immigrants,"['Illegal Immigration', 'Immigration and Emigration', 'Deferred Action for Childhood Arrivals', 'Border Patrol (US)', 'Trump, Donald J', 'Mexico', 'Asylum, Right of', 'Immigration Detention', 'United States Politics and Government']"
What Are Your Thoughts on Sports Betting?,[]
"‘Glee, Satisfaction and Weeping’: How America Reacted When Martin Luther King Died","['King, Martin Luther Jr']"
The Value and Limitations of a Calcium Scan,"['Calcium', 'Heart', 'Cholesterol', 'Blood Pressure', 'Health Insurance and Managed Care', 'Exercise', 'Tests (Medical)']"
Unknown,['New York City']
When Your Baby Is Your Roommate,"['Sleep', 'Babies and Infants', 'Infant Mortality', 'Children and Childhood', 'Parenting', 'Sudden Infant Death Syndrome', 'Families and Family Life', 'Breastfeeding']"
There Is a Middle Ground on Guns,"['Gun Control', 'Firearms', 'Deaths (Fatalities)', 'Teachers and School Employees']"
"How to Serve a Deranged Tyrant, Stoically","['Philosophy', 'Roman Civilization', 'Seneca (4 BC-AD 65)', 'Trump, Donald J', 'Nero (37-68 AD)', 'United States Politics and Government']"
Cracking a Cold Case,"['Mummies and Mummification', 'Egyptian Civilization', 'Genetics and Heredity', 'Federal Bureau of Investigation', 'Museum of Fine Arts (Boston)', 'Arts and Antiquities Looting', 'Teeth and Dentistry', 'Tombs and Tombstones', 'Archaeology and Anthropology', 'Head (Body Part)', 'Egypt', 'Freed, Rita Evelyn', 'Loreille, Odile', 'Genes (Journal)']"
An Aspiring Developer Chooses a Construction Zone,"['Renting and Leasing (Real Estate)', 'Real Estate and Housing (Residential)', 'Hudson Yards (Manhattan, NY)', 'High Line (Manhattan, NY)']"
"In Iraq, I Found Checkpoints as Endless as the Whims of Armed Men","['Yazidi (Religious Sect)', 'Sinjar (Iraq)', 'Iraq', 'Shiite Muslims', 'Islamic State in Iraq and Syria (ISIS)', 'Iraqi Army', 'Popular Mobilization Forces (Iraq)', 'Pesh Merga']"
At the Crossroads,"['Parkland, Fla, Shooting (2018)', 'Gun Control', 'Appalachian Region', 'Hunting and Trapping', 'Firearms']"
Reality TV’s Hopeless Romantic,"['Jeffress, Scott', 'Reality Television', 'The Bachelor (TV Program)', 'The Bachelorette (TV Program)', 'Jersey Shore (TV Program)', 'Are You the One? (TV Program)']"
Charities Face #MeToo Fallout,"['#MeToo Movement', 'Philanthropy', 'Sexual Harassment', 'Fistula Foundation', 'Florida Gulf Coast University', 'Spacey, Kevin, Foundation', 'Rush Philanthropic Arts Foundation', 'C K, Louis', 'Meier, Richard', 'Simmons, Russell', 'Singer, Bryan', 'Cornell University', 'Colleges and Universities', 'Weinstein, Harvey', 'University of Southern California', 'Getty Center']"
Student Loan Showdown:  Where Do Borrowers Have It Best?,"['Student Loans', 'Colleges and Universities', 'Tuition', 'Australia', 'England', 'Great Britain', 'Sweden', 'Financial Aid (Education)']"
"Fighting Over Chores? Spend Some Money, Save the Marriage","['Labor and Jobs', 'Dating and Relationships', 'Outsourcing', 'Vouchers', 'Whillans, Ashley (1988- )', 'Luxury Goods and Services']"
Telling the Stories of Defectors From North Korea,"['Franco, Tim (Photographer)', 'Defectors (Political)', 'Immigration and Emigration', 'North Korea', 'Photography']"
"With Barely A Puff, Vaping Floods Schools","['E-Cigarettes', 'School Discipline (Students)', 'Smoking and Tobacco', 'Teenagers and Adolescence', 'Addiction (Psychology)', 'Nicotine']"
"From Day One, the New Schools Chancellor Has a Long To-Do List","['Education (K-12)', 'Special Education', 'Blacks', 'Admissions Standards', 'Children and Childhood', 'Education (Pre-School)', 'Graduation Rates', 'Segregation and Desegregation', 'Hispanic-Americans', 'Carranza, Richard A', 'de Blasio, Bill', 'Farina, Carmen', 'New York City']"
Unknown,"['Personal Finances', 'Budgets and Budgeting', 'Income']"
"‘Trust’ Season 1, Episode 2 Recap: Don’t Mess With Texas","['Television', 'Trust (TV Program)']"
"‘Billions’ Season 3, Episode 2 Recap: That Feeling in Your Stomach","['Television', 'Billions (TV Program)']"
"China Makes Good on Threat of Tariffs, Raising Its Duties on 128 U.S. Products","['International Trade and World Market', 'United States International Relations', 'Customs (Tariff)', 'Protectionism (Trade)', 'World Trade Organization', 'Trump, Donald J', 'China', 'Xi Jinping']"
"‘The Walking Dead’ Season 8, Episode 14: Resurrection","['Television', 'The Walking Dead (TV Program)']"
Eager Refugees Courted for Jobs In Tight Market,"['Labor and Jobs', 'Foreign Workers', 'Shortages', 'Factories and Manufacturing', 'Hiring and Promotion', 'Refugees and Displaced Persons', 'Meat Packers and Butchers', 'East Coast Labor Solutions LLC', 'Immigration and Emigration', 'United States', 'Africa', 'Eritrea']"
Rhythms  Of Tragedy,"['Clark, Stephon (1995-2018)', 'Police Brutality, Misconduct and Shootings', 'Blacks', 'Search and Seizure', 'Murders, Attempted Murders and Homicides', 'Sacramento (Calif)']"
‘The Ice Is Melting’: Dismantling a Police State,"['Human Rights and Human Rights Violations', 'Political Prisoners', 'Uzbekistan', 'Karimov, Islam', 'Mirziyoyev, Shavkat', 'Police Brutality, Misconduct and Shootings', 'Freedom of the Press']"
Last-Second Nature,"['College Athletics', 'NCAA Basketball Championships (Women)', 'University of Notre Dame', 'Mississippi State University', 'Basketball']"
America Needs Better Privacy Rules,"['Privacy', 'Social Media', 'Computers and the Internet', 'Online Advertising', 'European Union', 'Facebook Inc', 'Zuckerberg, Mark E', 'Cambridge Analytica', 'United States Politics and Government']"
When a Subject Refuses to Pose,"['Photography', 'New York Times', 'Mattis, James N']"
"Poisoned Door Knob Hints at High-Level Plot to Kill Spy, U.K. Officials Say","['Skripal, Sergei V', 'Assassinations and Attempted Assassinations', 'Poisoning and Poisons', 'Espionage and Intelligence Services', 'Putin, Vladimir V', 'Russia', 'Great Britain']"
A New Black American Dream,"['Blacks', 'Parenting', 'Income Inequality']"
Will Trump Start a Farm Crisis?,"['Trump, Donald J', 'Agriculture and Farming', 'United States Economy', 'International Trade and World Market', 'Customs (Tariff)', 'Iowa', 'China', 'Pork', 'United States Politics and Government']"
Tech’s Answer For Security: Blockchain,"['Blockchain (Technology)', 'Computer Security', 'Privacy', 'Bitcoin (Currency)', 'Virtual Currency', 'Facebook Inc', 'Berners-Lee, Tim', 'Tusk, Bradley (1973- )']"
Intertwined Tech Services Blunt Boycotts,"['Computers and the Internet', 'Boycotts', 'Social Media', 'Mobile Applications', 'Amazon.com Inc', 'Apple Inc', 'Facebook Inc', 'Google Inc']"
Dog With a Secret,"['Dogs', 'Crown Heights (Brooklyn, NY)', 'Prospect Park (Brooklyn, NY)', 'Dating and Relationships']"
"George Wallace Tapped Into Racial Fear. Decades Later, Its Force Remains Potent.","['Politics and Government', 'Race and Ethnicity', 'Segregation and Desegregation', 'Blacks', 'Presidential Election of 1968', 'Civil Rights Movement (1954-68)', 'Wallace, George C', 'Trump, Donald J', 'Obama, Barack', 'Ayres, B Drummond Jr', 'Alabama', 'Southern States (US)']"
World Capital,"['Crossword Puzzles', 'Paris (France)']"
"Hollywood’s Envoy, Schooled In Diplomacy (and Muppets)","['Movies', 'Motion Picture Assn of America', 'Rivkin, Charles H']"
Who is a Turk? It’s complicated,"['Politics and Government', 'Genealogy', 'Ottoman Empire', 'Religion and Belief', 'Muslims and Islam', 'Citizenship and Naturalization', 'Genetics (Journal)', 'Erdogan, Recep Tayyip', 'Armenia', 'Central Asia', 'Istanbul (Turkey)', 'South Asia', 'Turkey']"
Intellectual Caught Up In a Furor,"['Kristeva, Julia', 'Bulgaria', 'France', 'Espionage and Intelligence Services']"
Gun Control and Fall Elections: Moment or Movement?,"['Gun Control', 'Demonstrations, Protests and Riots', 'Voting and Voters', 'Parkland (Fla)', 'National Rifle Assn', 'Virginia', 'Brady Campaign to Prevent Gun Violence', 'Comstock, Barbara J']"
Unknown,"['Real Estate and Housing (Residential)', 'East Village (Manhattan, NY)', 'White Plains (NY)', 'Wilton (Conn)', 'Livingston (NJ)', 'Midwood (Brooklyn, NY)', 'St James (NY)']"
Political Power Has Backfired For Kushners,"['Kushner, Charles', 'Kushner Cos', 'Kushner, Jared', 'Conflicts of Interest', 'Real Estate and Housing (Residential)', 'United States International Relations', 'United States Politics and Government', 'Foreign Investments', 'Real Estate (Commercial)', 'Securities and Commodities Violations', 'Meyer, Nicole (1983- )', 'Trump, Donald J', 'Trump, Ivanka']"
1 + 1 = 5,['Crossword Puzzles']
"Spiro Agnew, Father Of Today’s G.O.P.","['Blacks', 'Discrimination', 'Republican Party', 'United States Politics and Government', 'Agnew, Spiro T', 'Civil Rights Movement (1954-68)']"
Fear and Disdain Grip Trump’s E.P.A.,"['Pruitt, Scott', 'Environmental Protection Agency', 'Global Warming', 'Science and Technology', 'Regulation and Deregulation of Industry', 'Zinke, Ryan (1961- )', 'Interior Department', 'Trump, Donald J', 'United States Politics and Government']"
Javanka vs.  The Klossy  Posse,"['Vogue', 'Kloss, Karlie', 'Kushner, Charles', 'Kushner, Jared', 'Trump, Ivanka']"
God and Men and Jordan Peterson,"['Christians and Christianity', 'Women and Girls', 'Religion and Belief', 'Atheism']"
The Rise of God’s Spokeswomen,"['Women and Girls', 'Discrimination', 'Jews and Judaism', 'Passover', 'Synagogues', 'Clergy', 'Bible', 'Rabbis', 'Easter and Holy Week', 'Union Theological Seminary', 'Jesus Christ']"
Years of Claims  Of Harassment  In Justice Dept.,"['Carwile, Kevin', 'Justice Department', 'Sexual Harassment', 'Women and Girls', 'Discrimination', 'United States Politics and Government', 'Legal Profession', 'Capital Punishment', 'Ethics and Official Misconduct']"
Variety: Acrostic,"['Crossword Puzzles', 'Acrostic Puzzles', 'Whales and Whaling', 'Moby-Dick (Book)']"
"Saving a Fussy Eater In Europe, With Help From 50,000 Rabbits","['Lynxes', 'Endangered and Extinct Species', 'Biodiversity', 'Spain', 'Portugal', 'European Union', 'International Union for Conservation of Nature', 'Rabbits', 'vis-photo']"
Friday Night Music on Saturday: The Lone Bellow,[]
"Extortion, or the Price of Freedom?","['Bail', 'Extortion and Blackmail', 'Bounty Hunters', 'Crime and Criminals', 'Prices (Fares, Fees and Rates)', 'Regulation and Deregulation of Industry', 'Criminal Justice', 'Credit and Debt', 'Consumer Protection']"
Church Leaders Propelled the Civil Rights Movement. Now They’re Looking to Rekindle Dr. King’s Activist Spirit,['Crossword Puzzles']
The Outrage  Over Kevin  Williamson,"['Williamson, Kevin', 'Atlantic Monthly', 'Abortion', 'Writing and Writers', 'Conservatism (US Politics)', 'Liberalism (US Politics)']"
A Pale Smoke,"['Vietnam War', 'Veterans', 'Vermont']"
Beware the Former Trumpers,"['Voting and Voters', 'Coulter, Ann', 'Trump, Donald J', 'United States Politics and Government', 'Immigration and Emigration']"
Are Today’s Teenagers Smarter and Better Than We Think?,"['Teenagers and Adolescence', 'Children and Childhood', 'Smartphones', 'Social Media', 'Parkland, Fla, Shooting (2018)', 'Depression (Mental)', 'Psychology and Psychologists', 'Sociology']"
Bologna Blamed in Vast Listeria Outbreak,"['Listeriosis', 'Food Contamination and Poisoning', 'Meat', 'Recalls and Bans of Products', 'Listeria Monocytogenes', 'World Health Organization', 'Johannesburg (South Africa)']"
8 Bullets Struck Sacramento Man As He Faced Away,"['Clark, Stephon (1995-2018)', 'Blacks', 'Police Brutality, Misconduct and Shootings', 'Sacramento (Calif)', 'Autopsies']"
The Simple Cake That Helped Create a Legend,"['Heatter, Maida', 'Cakes', 'Cooking and Cookbooks', 'Recipes', 'Claiborne, Craig']"
"22 Female Senators Say, Enough","['Senate', 'Sexual Harassment', 'Women and Girls', 'United States Politics and Government', 'Law and Legislation', '#MeToo Movement', 'House of Representatives', 'Schumer, Charles E', 'McConnell, Mitch']"
Hallowed Be Thy Teams,"['Basketball (College)', 'Colleges and Universities', 'Roman Catholic Church', 'Catholic Youth Organization', 'Loyola University Chicago', 'Villanova University']"
The Americans Our Government Won’t Count,"['Race and Ethnicity', 'Census', 'Hispanic-Americans', 'Whites', 'Arab-Americans']"
"Lambs Shanks, Sweetly Spiced for Spring","['Cooking and Cookbooks', 'Lamb', 'Vegetables', 'Spring (Season)']"
Orlando Gunman’s Wife Is Acquitted in Shootings,"['Salman, Noor Zahi', 'Mateen, Omar (1986-2016)', 'Orlando, Fla, Shooting (2016)', 'Terrorism']"
The End of South Vietnam,"['Vietnam War', 'Helicopters', 'Vietnam', 'Refugees and Displaced Persons']"
"‘RuPaul’s Drag Race’ Season 10, Episode 2: Conflama Is Abuse","['Television', ""RuPaul's Drag Race (TV Program)""]"
Unknown,[]
While Their Guitars Gently Weep,"['Gibson Guitar Corp', 'Music', 'Private Equity', 'Credit and Debt', 'Guitars', 'Bankruptcies', 'Juszkiewicz, Henry E']"
The Self-Driving Car Industry’s Biggest Turning Point Yet,"['Driverless and Semiautonomous Vehicles', 'Traffic Accidents and Safety', 'Alphabet Inc', 'Waymo', 'Uber Technologies Inc']"
"A Student Loan Fix, With Catches","['Student Loans', 'Teachers and School Employees', 'Government Employees', 'Colleges and Universities', 'Warren, Elizabeth']"
Confrontations At Gaza Fence Leave 15 Dead,"['Israel', 'Gaza Strip', 'Palestinians', 'Demonstrations, Protests and Riots', 'Defense and Military Forces', 'Embargoes and Sanctions', 'Hamas', 'Palestinian Authority', 'Fatah, Al', 'Deaths (Fatalities)', 'vis-photo']"
Unknown,"['Viruses', 'Colds', 'Acquired Immune Deficiency Syndrome', 'Influenza', 'Hepatitis']"
Unknown,"['Brown, Linda (1943-2018)', 'Segregation and Desegregation', 'Brown v Board of Education (Supreme Court Decision)', 'Civil Rights Movement (1954-68)', 'Discrimination', 'National Assn for the Advancement of Colored People', 'Education (K-12)', 'Topeka (Kan)', 'Equal Educational Opportunities']"
When Mega-Mansions Have Mega-Problems,"['Real Estate and Housing (Residential)', 'Luxury Goods and Services', 'Building (Construction)', 'Los Angeles (Calif)']"
Unknown,['New York City']
"Story Hour, Off the Army Base","['Defense and Military Forces', 'Parenting', 'Pregnancy and Childbirth', 'Families and Family Life', 'Friendship']"
Some reflections on journalism,"['News and News Media', 'Newspapers', 'Hamm, Doyle Lee', 'Oz, Amos', 'Picasso, Pablo', 'Buenos Aires (Argentina)', 'Beirut (Lebanon)', 'Bosnia and Herzegovina', 'India']"
"Actually, You Can Fix Stupid","['School Shootings and Armed Attacks', 'Education', 'Youth', 'Gun Control', 'Demonstrations, Protests and Riots', 'Sotomayor, Sonia', 'Trump, Donald J', 'Ingraham, Laura A', 'Mueller, Robert S III', 'United States']"
How Memphis Gave Up on Dr. King’s Dream,"['Wages and Salaries', 'Strikes', 'Blacks', 'Race and Ethnicity', 'Laundry and Laundromats', 'King, Martin Luther Jr', 'Memphis (Tenn)']"
Affirmative Action for Reactionaries,"['Blacks', 'United States Politics and Government', 'Women and Girls', 'Presidential Election of 2016', 'Abortion', 'Conservatism (US Politics)', 'Bannon, Stephen K', 'Cox, Laverne', 'Goldberg, Jeffrey', 'Spencer, Richard B (1978- )', 'Trump, Donald J', 'Atlantic Monthly', 'National Review', 'Magazines', 'Newspapers', 'Williamson, Kevin']"
Trevor Noah Detects a Whiff of Cronyism in V.A. Appointment,"['Colbert, Stephen', 'Corden, James (1978- )', 'Noah, Trevor (1984- )', 'Late Show with Stephen Colbert (TV Program)', 'The Late Late Show with James Corden (TV Program)', 'DMX', 'Trump, Donald J']"
"After Hurricane’s Ruin, the Return to Puerto Rico","['Hurricane Maria (2017)', 'Families and Family Life', 'Refugees and Displaced Persons', 'Puerto Ricans', 'New York City', 'Puerto Rico']"
Is That  Contractor A Good Fit?,"['Real Estate and Housing (Residential)', 'Home Repairs and Improvements', 'Consumer Protection', 'Consumer Affairs Department (NYC)']"
When Retirement Doesn’t Quite Work Out,"['Retirement', 'Workplace Environment', 'Rand Corp']"
Broad Spending Bills Here to Stay as Long as Congressional Dysfunction Reigns,"['United States Politics and Government', 'House Committee on Appropriations', 'Republican Party', 'Democratic Party', 'House of Representatives', 'Senate', 'Trump, Donald J', 'McConnell, Mitch', 'Schumer, Charles E']"
Pitting Girls Against Girls to a New Tune,"['Theater', 'Benjamin, Nell', 'Fey, Tina', 'Nicholaw, Casey', 'Richmond, Jeff (1961- )', 'Mean Girls (Play)']"
"Anatomy of a Los Angeles Police Shooting: A Black Teenager, a Missing Gun, Protests, Grief","['Weber, Anthony (d 2018)', 'Police Brutality, Misconduct and Shootings', 'Blacks', ""Los Angeles County Sheriff's Department"", 'Police Department (Los Angeles, Calif)', 'Los Angeles (Calif)']"
How Do You Get Your Nature Fix?,[]
"Silicon Valley,  Wary of Trump,  Warms to Him","['Computers and the Internet', 'Trump, Donald J', 'United States Politics and Government', 'Tax Cuts and Jobs Act (2017)', 'Alphabet Inc', 'Google Inc', 'Facebook Inc', 'Amazon.com Inc', 'Apple Inc', 'Cook, Timothy D']"
When a Good Night’s Sleep Needs Some Help,"['Travel and Vacations', 'Sleep', 'Jet Lag']"
Innocents Behind Bars,"['Books and Literature', 'The Cadaver King and the Country Dentist: A True Story of Injustice in the American South (Book)', 'Balko, Radley', 'Carrington, Tucker', 'Brewer, Kennedy', 'Brooks, Levon', 'Blacks', 'Innocence Project', 'Discrimination', 'False Arrests, Convictions and Imprisonments', 'Criminal Justice']"
A Prodigy Redeemed,"['Chandler, Saul R (1947- )', 'Violins and Violas', 'Classical Music', 'Juilliard School', 'Boats and Boating', 'City Island (Bronx, NY)']"
Dr. King’s Complex Relationship With the Camera,"['King, Martin Luther Jr', 'Photography', 'Civil Rights Movement (1954-68)', 'Blacks']"
"Teaching Activities for: ‘Right Now, Baseball Loves the Long Ball. But for How Long?’",[]
Movie-Themed Vacation,[]
Greece’s Island of Despair,"['Lesbos (Greece)', 'Refugees and Displaced Persons', 'Middle East and Africa Migrant Crisis', 'Immigration and Emigration', 'Asylum, Right of', 'Greece', 'vis-photo']"
Won’t Be Back Till Late,['Crossword Puzzles']
Queen Lear  Moments,"['Theater', 'Three Tall Women (Play)', 'Albee, Edward', 'Mantello, Joe', 'Jackson, Glenda', 'Metcalf, Laurie', 'Pill, Alison']"
Tabloid Mogul Visited Trump To Woo Saudis,"['Pecker, David J', 'American Media Inc', 'National Enquirer', 'Grine, Kacy', 'Saudi Arabia', 'Trump, Donald J', 'United States Politics and Government', 'Magazines', 'Media', 'Time (Magazine)', 'Mergers, Acquisitions and Divestitures', 'United States International Relations']"
"A Longtime Trump Whisperer Packs Up, Leaving a Void in the White House","['Hicks, Hope C (1988- )', 'Trump, Donald J', 'United States Politics and Government']"
Integration Now and Forever,"['Blacks', 'Segregation and Desegregation', 'Race and Ethnicity', 'Education', 'Gentrification']"
Network Rediscovers Trump Country With Reboot of ‘Roseanne’,"['Television', 'Roseanne (TV Program)', 'Barr, Roseanne', 'ABC Inc', 'Trump, Donald J', 'United States Politics and Government', 'Ratings (Audience Measurement)', 'Presidential Election of 2016']"
V.A. Shake-Up Gives Rise to New Fears of Privatized Care,"['Veterans Affairs Department', 'Jackson, Ronny L', 'Shulkin, David J', 'Trump, Donald J', 'United States Politics and Government', 'Appointments and Executive Changes', 'Veterans', 'Health Insurance and Managed Care', 'Privatization']"
Tesla in Need Of Recharge After a Series Of Setbacks,"['Tesla Motors Inc', 'Musk, Elon', 'Automobiles', 'Electric and Hybrid Vehicles', 'Driverless and Semiautonomous Vehicles', 'Stocks and Bonds']"
Was the Vietnam War Necessary?,"['Vietnam War', 'Politics and Government', 'Cold War Era', 'Central Intelligence Agency', 'Johnson, Lyndon Baines']"
"Is It Real Policy, or Is It Just Reality TV?","['United States International Relations', 'United States Politics and Government', 'Appointments and Executive Changes', 'Veterans', 'Reality Television', 'Jackson, Ronny L', 'Veterans Affairs Department', 'Trump, Donald J', 'United States', 'International Trade and World Market', 'South Korea']"
‘Roseanne’ Is Funny. And Scary.,"['Television', 'Roseanne (TV Program)', 'Barr, Roseanne', 'Trump, Donald J', 'United States Politics and Government']"
Ronny Jackson’s Disturbing Lack of Independence,"['Jackson, Ronny L', 'Veterans Affairs Department', 'Veterans', 'Trump, Donald J', 'United States Politics and Government', 'Appointments and Executive Changes']"
"Praise for Trade Deal, Then Trump Suggests That He Might Delay It","['South Korea', 'Trump, Donald J', 'International Trade and World Market', 'United States International Relations', 'Infrastructure (Public Works)', 'Bridges and Tunnels', 'Organized Labor', 'United States Politics and Government', 'North Korea']"
Out of the Storm,"['Pennsylvania Station (Manhattan, NY)', 'New York City']"
A Coup at Veterans Affairs,"['Veterans Affairs Department', 'Shulkin, David J', 'Jackson, Ronny L', 'Appointments and Executive Changes', 'Trump, Donald J', 'United States Politics and Government', 'Veterans']"
For the Love of ‘George and Martha’,"['Books and Literature', 'Marshall, James (1942-92)', 'George and Martha (Book)', 'Writing and Writers']"
U.S. Set to Blunt Pollution Rules For Automakers,"['Automobiles', 'Fuel Efficiency', 'Fuel Emissions (Transportation)', 'Greenhouse Gas Emissions', 'Global Warming', 'Clean Air Act', 'Regulation and Deregulation of Industry', 'Environmental Protection Agency', 'Pruitt, Scott', 'California', 'States (US)', 'United States', 'Trump, Donald J', 'United States Politics and Government']"
Heart: Hockey Fans Beware,"['Heart', 'Hockey, Ice']"
Gen X Activism: An Oral History,"['Bush, George W', 'Joel, Billy', 'Nader, Ralph', 'Perot, Ross', 'Infinite Jest (Book)', 'Sex and the City (TV Program)', 'Voting and Voters', 'Fashion and Apparel']"
The Young and the Streaming,"['Television', 'Netflix Inc', 'Alexa & Katie (TV Program)', 'On My Block (TV Program)', 'The Dangerous Book for Boys (TV Program)', 'Wordham, Heather', 'Carlson, Matthew', 'Iungerich, Lauren']"
Frog Species on the Rebound,"['Frogs', 'Fungi', 'Epidemics', 'Panama', 'Voyles, Jamie', 'Research']"
A Haunting Southern Exposure,"['Art', 'Photography', 'Mann, Sally', 'National Gallery of Art', 'Slavery (Historical)', 'Civil War (US) (1861-65)', 'Museums', 'Virginia', 'Hold Still (Book)']"
"A Quick Online Divorce for $60? Not So Fast, Denmark Says","['Denmark', 'Divorce, Separations and Annulments', 'Computers and the Internet', 'Politics and Government']"
Crisis Deepens As the Kremlin Bucks the West,"['Russia', 'United States International Relations', 'Great Britain', 'Diplomatic Service, Embassies and Consulates', 'Embargoes and Sanctions', 'Espionage and Intelligence Services', 'Poisoning and Poisons', 'Skripal, Sergei V', 'Skripal, Yulia S', 'Assassinations and Attempted Assassinations']"
"Caribbean Savor, Australian Bounty","['Restaurants', 'Momofuku Seiobo (Sydney, Australia, Restaurant)', 'Carmichael, Paul (Chef)', 'Chang, David (Chef)', 'Australia']"
‘Ideal’ Is an Opinion,"['Grapes', 'Wines', 'Advertising and Marketing', 'La Torre Winery (Montalcino, Italy)', 'Le Potazzine Winery (Montalcino, Italy)', 'Lisini Winery (Montalcino, Italy)']"
A White Like No Other,"['Wines', 'Mount Etna (Italy)', 'Sicily (Italy)', 'Benanti Winery (Mount Etna, Italy)', 'Graci Winery (Mount Etna, Italy)']"
68 Die in Jail Fire. Then Police Attack Bereaved.,"['Venezuela', 'Fires and Firefighters', 'Prisons and Prisoners', 'Deaths (Fatalities)', 'Demonstrations, Protests and Riots', 'Human Rights and Human Rights Violations', 'Valencia (Venezuela)']"
What Topics Should the ‘Tech We’re Using’ Column Tackle Next?,"['New York Times', 'Smartphones', 'Mobile Applications']"
"With an Eye on Russia, Britain Edges Toward Dirty Money Crackdown","['Corruption (Institutional)', 'Poisoning and Poisons', 'Assassinations and Attempted Assassinations', 'May, Theresa M', 'Skripal, Sergei V', 'Skripal, Yulia S', 'Europe', 'Great Britain', 'Russia', 'International Relations', 'Visas']"
Teaching With: ‘My Grandfather’s Memory Book’,[]
Utah Passes ‘Free-Range’ Parenting Law,"['Children and Childhood', 'Parenting', 'Law and Legislation', 'Utah', 'Child Abuse and Neglect']"
"As Facebook Loses Luster, Tech Stocks Await Fallout","['Facebook Inc', 'Social Media', ""Standard & Poor's 500-Stock Index"", 'Stocks and Bonds', 'Cambridge Analytica']"
"In Britain, the Labour Party Wrestles With Claims of Anti-Semitism","['Jews and Judaism', 'Anti-Semitism', 'Labour Party (Great Britain)', 'Corbyn, Jeremy (1949- )', 'Netanyahu, Benjamin', 'Livingstone, Ken', 'Shah, Naseem (1973- )', 'Great Britain', 'Israel']"
How to Prevent a Racist Hoodie,"['Fashion and Apparel', 'Discrimination', 'Shopping and Retail', 'Hiring and Promotion', 'Race and Ethnicity', 'Design', 'Advertising and Marketing', 'Forever 21', 'H & M Hennes & Mauritz AB', 'Inditex Group', 'Topman (Fashion Label)', 'Zara']"
"A Kitchen Duo for Decades, Now With Their Own Place","['Restaurants', 'Nasr, Riad', 'Hanson, Lee', 'Frenchette (Manhattan, NY, Restaurant)', 'Chefs', 'French Food (Cuisine)', 'TriBeCa (Manhattan, NY)']"
"Women on Stage, Sweating It Out","['Women and Girls', 'Theater', 'Armento, Kevin', 'DeLappe, Sarah', 'Gardner, Gracie', 'Holum, Suli', 'Lavery, Bryony', 'Satter, Tina', 'Spiegel, Ruby Rae', 'Ziegler, Anna', 'All-American (Play)', 'Dry Land (Play)', 'In the Pony Palace/Football (Play)', 'King Liz (Play)', 'The Last Match (Play)', 'The Wholehearted (Play)', 'The Wolves (Play)']"
"‘The Americans’ Season 6, Episode 4 Recap: The Birth of a Honey Pot","['Television', 'The Americans (TV Program)']"
This Many,"['Crossword Puzzles', 'Gross, Todd (Crossword Constructor)', 'Chast, Roz']"
"Bueller? Bueller? No, Satan","['Theater', 'The Seafarer (Play)', 'Irish Repertory Theater', 'Broderick, Matthew', 'McPherson, Conor', ""O'Reilly, Ciaran""]"
Cynthia Nixon Gets Mr. Cuomo to Play to Type,"['Cuomo, Andrew M', 'Nixon, Cynthia', 'New York State', 'Elections, Governors', 'Endorsements', 'Politics and Government', 'Working Families Party', 'Organized Labor', 'Make the Road New York', 'New York Communities for Change']"
White Power Never Disappeared,"['Whites', 'Fringe Groups and Movements', 'Terrorism', 'Hate Crimes', 'Ku Klux Klan', 'Mcveigh, Timothy James', 'Oklahoma City (Okla)', 'Charlottesville, Va, Violence (August, 2017)']"
Statues Banished But Not Attitudes,"['Sims, J Marion', 'Sculpture', 'Historic Buildings and Sites', 'Slavery (Historical)', 'Monuments and Memorials (Structures)', 'Charlottesville, Va, Violence (August, 2017)', 'Blacks', 'Green-Wood Cemetery (Brooklyn, NY)', 'New York City']"
Fury in Germany as Rap Duo With Anti-Jewish Lyrics Gets Award,"['Germany', 'Rap and Hip-Hop', 'Farid Bang (Rapper)', 'Kollegah (Rapper)', 'Anti-Semitism', 'Holocaust and the Nazi Era', 'Awards, Decorations and Honors']"
Farmers’ Anger at Trump Tariffs Puts G.O.P. at Risk in Midterms,"['Trump, Donald J', 'Agriculture and Farming', 'International Trade and World Market', 'Midterm Elections (2018)', 'Heitkamp, Heidi', 'Cramer, Kevin', 'Customs (Tariff)', 'Midwestern States (US)', 'North Dakota', 'United States Politics and Government']"
Our Gold-Leaf Presidency,"['Trump, Donald J', 'Mar-a-Lago (Palm Beach, Fla)', 'United States Politics and Government', 'Conflicts of Interest', 'Pruitt, Scott']"
Macron’s Defense of Democracy,"['Europe', 'Macron, Emmanuel (1977- )', 'France', 'Politics and Government', 'Immigration and Emigration', 'European Parliament', 'Trump, Donald J', 'Hungary', 'Poland', 'Democracy (Theory and Philosophy)']"
Unknown,"['Mueller, Robert S III', 'Informers', 'United States Attorneys', 'Organized Crime', 'Federal Bureau of Investigation', 'Justice Department', 'Winter Hill Gang', 'Bulger, James J', 'Dershowitz, Alan M', 'Hannity, Sean', 'Limbaugh, Rush', 'Trump, Donald J']"
‘Full Metal Jacket’ Seduced My Generation and Sent Us to War,"['Movies', 'United States Marine Corps', 'Ermey, R Lee', 'Full Metal Jacket (Movie)', 'Kubrick, Stanley']"
A Coat to Remember,"['Fashion and Apparel', 'Metropolitan Museum of Art', 'Ellis, Perry (1940-86)', 'New York City']"
"Quiet Flight, Then a Blast and a Sudden Plunge","['Aviation Accidents, Safety and Disasters', 'Airlines and Airplanes', 'Southwest Airlines Company', 'Riordan, Jennifer L (1974-2018)', 'Shults, Tammie Jo', 'Pilots', 'Deaths (Fatalities)']"
Former Playboy Model Is Free to Discuss Alleged Affair,"['McDougal, Karen (1971- )', 'Trump, Donald J', 'Cohen, Michael D (1966- )', 'Adultery', 'Suits and Litigation (Civil)', 'American Media Inc', 'United States Politics and Government']"
Embrace the Bowie in You,"['Fashion and Apparel', 'Shopping and Retail', 'Bowie, David', 'Brooklyn Museum']"
Scam I Amn’t: Voters and the Tax Cut,"['Taxation', 'Tax Cuts and Jobs Act (2017)', 'Bush, George W', 'Trump, Donald J']"
Safety: Brain Injury and Parkinson’s,"[""Parkinson's Disease"", 'Dementia', 'Brain', 'Concussions', 'Traumatic Brain Injury']"
"For Parkland Students,  Broadway’s Regards","['Parkland, Fla, Shooting (2018)', 'Spring Awakening (Play)', 'Theater', 'Glick, Gideon', 'Groff, Jonathan', 'Kasky, Cameron', 'Boca Raton (Fla)', 'Michele, Lea', 'Astin, Skylar', 'Barclay, Christine (Theater Director)']"
"Love: Being Married, Beating Cancer","['Skin Cancer', 'Marriages', 'Melanomas', 'Single Persons', 'Skin', 'Deaths (Fatalities)']"
Cuba Prepares For Generation With No Castro,"['Cuba', 'Castro, Raul', 'Diaz-Canal Bermudez, Miguel', 'Politics and Government', 'United States International Relations', 'vis-multimedia']"
Watch Out: He Messes With Texas,"['Wright, Lawrence', 'Books and Literature', 'Texas', 'God Save Texas: A Journey Into the Soul of the Lone Star State (Book)']"
"Puerto Rico, Entire Island, Loses Power","['Puerto Rico', 'Power Failures and Blackouts', 'Hurricane Maria (2017)', 'Electric Light and Power', 'Puerto Rico Electric Power Authority']"
Cuomo Plans to Help Paroled Felons Regain Vote,"['Probation and Parole', 'Voter Registration and Requirements', 'Law and Legislation', 'Ex-Convicts', 'Politics and Government', 'Cuomo, Andrew M', 'New York State']"
Hero Pilot Is Navy Veteran With ‘Nerves of Steel’,"['Shults, Tammie Jo', 'Pilots', 'Aviation Accidents, Safety and Disasters', 'Southwest Airlines Company', 'Airlines and Airplanes']"
Unknown,"[""Alzheimer's Disease"", 'Estrogen', 'Women and Girls', 'Menopause']"
"Reader Idea | FON, FAIIN, FIIM? A Classroom Game About Literary Genre",[]
Fixing the ‘Involuntary Housewife Visa’,"['Immigration and Emigration', 'Foreign Workers', 'Visas', 'Labor and Jobs', 'United States Politics and Government', 'National Foundation for American Policy', 'Trump, Donald J', 'Obama, Barack', 'India', 'United States']"
President Warns He Could Depart Pyongyang Talks,"['North Korea', 'Kim Jong-un', 'Nuclear Weapons', 'Trump, Donald J', 'United States International Relations', 'Pompeo, Mike', 'Central Intelligence Agency', 'Arms Control and Limitation and Disarmament', 'Espionage and Intelligence Services']"
Seoul Confirms Talks on Treaty to End War,"['North Korea', 'South Korea', 'Korean War', 'Treaties', 'United States International Relations', 'Arms Control and Limitation and Disarmament', 'Kim Jong-un', 'Moon Jae-in', 'International Relations', 'Nuclear Weapons']"
Unknown,"['Real Estate and Housing (Residential)', 'Gibraltar']"
Fishing for Stories via Instagram,"['Fishing, Sport', 'Fish and Other Marine Life', 'Photography', 'Instagram Inc', 'Social Media', 'Mobile Applications']"
"$2.7 Million Homes in Massachusetts, Idaho and New Mexico","['Real Estate and Housing (Residential)', 'Concord (Mass)', 'Boise (Idaho)', 'Santa Fe (NM)']"
How Many Breeds in That Doggie in the Survey?,"['Dogs', 'Genetics and Heredity', 'Broad Institute', 'American Kennel Club', 'Boyko, Adam R', 'Tests and Examinations', 'Research']"
Unknown,[]
Japan Fears Being Sidelined as Trump Moves on Trade and North Korea,"['Abe, Shinzo', 'Trump, Donald J', 'Trans-Pacific Partnership', 'United States International Relations', 'North Korea', 'Japan']"
Who Made My Puzzle?: Sam Trabucco,"['Trabucco, Sam (Crossword Constructor)', 'Crossword Puzzles']"
Before Modernism Came Along,"['Art', 'The Metropolis in Latin America, 1830-1930 (Exhibit)', 'Americas Society', 'Museums']"
Want to Slash Heart Risks? Move It,"['Exercise', 'Genetics and Heredity', 'Heart', 'DNA (Deoxyribonucleic Acid)']"
Unknown,['New York City']
Unknown,"['Davis, Bailey', 'Cheerleaders', 'Social Media', '#MeToo Movement', 'New Orleans Saints', 'National Football League', 'Instagram Inc', 'Discrimination', 'Equal Employment Opportunity Commission', 'Suits and Litigation (Civil)']"
The Forrest Trump Presidency,"['Trump, Donald J', 'United States Politics and Government', 'Forrest Gump (Movie)', 'Erickson, Erick']"
Mrs. No-Nonsense,"['Bush, Barbara', 'Bush, George', 'United States Politics and Government']"
James Comey Tells Colbert Why Trump’s Presidency Is ‘Not O.K.’,"['Colbert, Stephen', 'Comey, James B', 'Trump, Donald J', 'Late Show with Stephen Colbert (TV Program)', 'Kimmel, Jimmy', 'Fallon, Jimmy', ""O'Brien, Conan"", 'Corden, James (1978- )', 'The Tonight Show (TV Program)']"
"That Suburban Feel, With Some Urban Touches","['Real Estate and Housing (Residential)', 'Mount Kisco (NY)']"
A Disrupter Takes Over,"['Art', 'Metropolitan Museum of Art', 'Museums', 'Hollein, Max', 'Appointments and Executive Changes', 'Fine Arts Museums of San Francisco', 'Guggenheim, Solomon R, Museum', 'Stadel Museum']"
Hero Worship,"['Television', 'Banderas, Antonio', 'Picasso, Pablo', 'Genius: Picasso (TV Program)', 'Almodovar, Pedro', 'Actors and Actresses']"
Why Wouldn’t the Lump Under the Patient’s Jaw Go Away?,"['Ultramarathon Running', 'Anemia']"
"He Inhaled Mustard Agent in Iraq, but the Navy Denied Him a Purple Heart","['Iraq War (2003-11)', 'Defense Department', 'Iraq', 'Purple Heart (Military Decoration)', 'United States Navy']"
Reinterpreted Rule Limits Young Immigrants,"['Immigration and Emigration', 'Child Abuse and Neglect', 'Family Courts', 'Citizenship and Naturalization', 'Citizenship and Immigration Services (US)', 'Legal Aid Society']"
From ‘How to Break Up With Your Phone’,"['Cellular Telephones', 'Ten Speed Press', 'Language and Languages']"
"Still Standing, and Planning the Next Act","['Mayer, Marissa', 'Yahoo! Inc', 'Google Inc', '#MeToo Movement', 'Search Engines', 'Google Maps']"
Can Dirt Save the Earth?,"['Agriculture and Farming', 'Global Warming', 'Greenhouse Gas Emissions', 'Carbon Capture and Sequestration', 'Soil', 'Carbon Dioxide', 'Compost', 'Ranches', 'Cattle', 'Manure', 'Livestock', 'Grass', 'California', 'Marin County (Calif)', 'Intergovernmental Panel on Climate Change']"
The Baby Mogul,"['Karp, Harvey', 'Babies and Infants', 'Sleep', 'Parenting', 'Books and Literature', 'The Happiest Baby on the Block (Book)']"
What Musical Piece Would You Nominate for a Pulitzer Prize?,[]
Jonathan Van Ness Never Tried to Hide Who He Was,"['Men and Boys', 'Homosexuality and Bisexuality', 'Netflix Inc', 'Illinois', 'Queer Eye (TV Program)']"
Teaching Activities for: ‘“Men Treat Us Like We Aren’t Human.” Indian Girls Learn to Fight Back.’,[]
An Army Veteran Confronts His Own Trauma With a Camera,"['Veterans', 'McCoy, Michael (Photographer)', 'United States Defense and Military Forces', 'Post-Traumatic Stress Disorder', 'Photography']"
Man at Desk,[]
Much Covered Song,"['Crossword Puzzles', 'Hex (Dance)']"
Director of C.I.A.  Met With Leader  Of North Korea,"['North Korea', 'Kim Jong-un', 'Pompeo, Mike', 'Trump, Donald J', 'United States International Relations', 'Central Intelligence Agency', 'United States Politics and Government', 'Korean War', 'Abe, Shinzo', 'Japan']"
Unknown,"['Bush, Barbara', 'First Ladies (US)', 'Wellesley College', 'Bush, George', 'Bush, George W', 'United States Politics and Government']"
"Outrage for Some, for Others It’s Just Everyday Life","['Blacks', 'Racial Profiling', 'Rittenhouse Square (Philadelphia, Pa)', 'Gentrification', 'Starbucks Corporation', 'Philadelphia (Pa)', 'American Civil Liberties Union']"
Where’s the Tea Party of the Left?,"['Tea Party Movement', 'Conservatism (US Politics)', 'Liberalism (US Politics)', 'United States Politics and Government', 'Democratic Party', 'Republican Party', 'Trump, Donald J', 'Ryan, Paul D Jr', 'Obama, Barack', 'Pelosi, Nancy', 'Cuomo, Andrew M', 'Nixon, Cynthia', 'New York State', 'Elections, Governors']"
"Barbara Bush, First Lady and First Mother, Dies at 92","['Bush, Barbara', 'United States Politics and Government', 'Deaths (Obituaries)', 'Bush, George', 'Bush, George W', 'First Ladies (US)', 'United States']"
"Scott Pruitt, Man of Little Shame","['Pruitt, Scott', 'Ethics and Official Misconduct', 'Environmental Protection Agency', 'United States Politics and Government', 'Regulation and Deregulation of Industry', 'Trump, Donald J', 'Conflicts of Interest', 'Wheeler, Andrew R']"
"A Celebration of 70 Years, Complete With Rancor and Bickering","['Israel', 'Politics and Government', 'Netanyahu, Benjamin', 'Regev, Miriam (1965- )']"
This Old Case,['Manhattan (NYC)']
Eat: Lower Expectations for Nuts,"['Nuts', 'Heart', 'Oils and Fats']"
Nurse Enters Boston Marathon For Fun. Finishes Second.,"['Boston Marathon', 'Marathon Running', 'Sellers, Sarah (1991- )']"
Readers Respond to Our Call for Help With a Diagnosis,"['Muscles', 'New York Times', 'Medicine and Health']"
"Airplane Engine Explodes, Killing Passenger in Midair","['Southwest Airlines Company', 'Aviation Accidents, Safety and Disasters', 'Airlines and Airplanes', 'Riordan, Jennifer L (1974-2018)', 'Dallas Love Field (Dallas, Tex)', 'LaGuardia Airport (Queens, NY)', 'Deaths (Fatalities)']"
A Peace Plan for the Ages,"['Theater', 'ms. estrada (Play)', 'Q Brothers Collective', 'Tattenbaum, Michelle (1976- )', 'Pennycook, Malena', 'Flea Theater']"
Hangover,"['Books and Literature', 'The Recovering: Intoxication and Its Aftermath (Book)', 'Jamison, Leslie', 'Alcohol Abuse', 'Addiction (Psychology)']"
Diamonds and Lies,['Diamonds']
"After Obtaining Real Personal Data, A Political Firm Explores Virtual Currency","['Cambridge Analytica', 'Nix, Alexander', 'Data-Mining and Database Marketing', 'Virtual Currency', 'Blockchain (Technology)', 'Macau', 'Advertising and Marketing']"
"Starbucks  Will Close 8,000 Stores For Training","['Starbucks Corporation', 'Blacks', 'Discrimination', 'Johnson, Kevin R', 'Philadelphia (Pa)']"
Law on Deportation of Criminals Is Struck Down,"['Gorsuch, Neil M', 'Immigration and Emigration', 'Deportation', 'Constitution (US)', 'Supreme Court (US)']"
"Confused? No,  Haley Retorts  To Trump Aide ","['Haley, Nikki R', 'Embargoes and Sanctions', 'Russia', 'Syria', 'Trump, Donald J', 'United States International Relations', 'Treasury Department', 'United States Politics and Government', 'United Nations']"
Dawdling Filers Turn Disgruntled as I.R.S. Website Crashes on the Final Day,"['Internal Revenue Service', 'Federal Taxes (US)', 'Tax Preparers and Preparation', 'Computer Network Outages', 'United States Politics and Government', 'Tax Cuts and Jobs Act (2017)']"
"That’s Right, No. 1 With A Pulitzer","['Music', 'Pulitzer Prizes', 'Rap and Hip-Hop', 'Classical Music', 'Lamar, Kendrick', 'DAMN (Album)']"
"A Journalist’s Fiery Death, And a Muted Hunt for Truth","['Malta', 'Caruana Galizia, Daphne', 'Assassinations and Attempted Assassinations', 'News and News Media', 'Muscat, Joseph (1974- )', 'Politics and Government', 'Degiorgio, Alfred', 'Degiorgio, George', 'Muscat, Vincent', 'Labor Party (Malta)']"
The Calm Amid the Storm,"['Restaurants', 'Chefs', 'Careers and Professions', 'Blue Hill at Stone Barns (Pocantico Hills, NY, Restaurant)', 'Momofuku Noodle Bar (Manhattan, NY, Restaurant)', 'Llama Inn (Brooklyn, NY, Restaurant)', 'United States']"
Protesting Artists Step Off the Streets and Into the Gallery,"['Schirn Kunsthalle Frankfurt', 'Power to the People (Exhibit)', 'Art', 'Demonstrations, Protests and Riots', 'Politics and Government', 'Turkey', ""Women's March Inc"", 'Weinhart, Martina', 'Holten, Katie (Artist)', 'Flood, Mark', 'Ogut, Ahmet', 'Tur, Nasan', 'Altindere, Halil']"
Amateur Sleuths Bring A Missing ‘Grunt’ Home,"['Cemeteries', 'Veterans', 'World War II (1939-45)', 'United States Defense and Military Forces', 'Archives and Records', 'Okinawa and Other Ryukyu Islands (Japan)', 'Defense Department', 'United States Marine Corps', 'Mulligan, Herman', 'Maharidge, Dale', 'Bringing Mulligan Home (Book)', 'Defense POW/MIA Accounting Agency']"
Unknown,[]
"Teaching Activities for: ‘Holocaust Is Fading From Memory, Survey Finds’",[]
Vegetables Crash the Dessert Menu,"['Vegetables', 'Cooking and Cookbooks', 'Sugar', 'Ice Cream and Frozen Desserts']"
Unknown,['New York City']
"When a Politician and a Lawman Try to Play the Hero, the Lawman Usually Wins","['Russian Interference in 2016 US Elections and Ties to Trump Associates', 'United States Politics and Government', 'Federal Bureau of Investigation', 'Assad, Bashar al-', 'Trump, Donald J', 'Slaughter, Anne-Marie', 'Comey, James B']"
Introducing Form 1040-EL (Emotional Labor),"['United States Politics and Government', 'United States']"
China Moves To Open Itself To Carmakers From Abroad,"['Automobiles', 'China', 'National Development and Reform Commission (China)', 'International Trade and World Market']"
A ‘Frozen’ Star Just Needed to Chill,"['Real Estate and Housing (Residential)', 'Levy, Caissie', 'Frozen (Play)', 'Frozen (Movie)', 'Upper West Side (Manhattan, NY)']"
14 Death Sentences in 2 Hours: Iraq Shows No Mercy to ISIS Suspects,"['Iraq', 'Capital Punishment', 'Islamic State in Iraq and Syria (ISIS)', 'Terrorism', 'Detainees', 'War Crimes, Genocide and Crimes Against Humanity', 'Human Rights and Human Rights Violations', 'Human Rights Watch']"
"In La Paz, Where Empowerment Is Also Inspiring","['La Paz (Bolivia)', 'Travel and Vacations', 'Women and Girls']"
The #MeToo Era Means More Options for Women,"['#MeToo Movement', 'Travel and Vacations']"
Group Think,"['Computers and the Internet', 'Facebook Inc', 'Zuckerberg, Mark E']"
Billion-Dollar Blessings,"['Colleges and Universities', 'Liberty University', 'Admissions Standards', 'Financial Aid (Education)', 'E-Learning', 'For-Profit Schools', 'Evangelical Movement', 'Student Loans', 'Republican Party', 'Falwell, Jerry', 'Falwell, Jerry Jr (1962- )', 'Lynchburg (Va)', 'United States Politics and Government', 'Trump, Donald J']"
Dear Match Book: Black Genre Fiction,['Books and Literature']
Was It O.K. to Let an Aging Relative Believe My Mother Was Still Alive?,"['Families and Family Life', 'Lying', 'Ethics (Personal)']"
We’re Bad at Evaluating Risk. How Doctors Can Help.,"['Medicine and Health', 'Tests (Medical)', 'Research']"
Does Your School Need More Money?,[]
Black Cops on Both Sides of the Badge,"['Blacks', 'Police', 'Police Brutality, Misconduct and Shootings', 'Discrimination', 'Photography', 'Edwards, Daniel (Photographer)']"
Pashtuns Defying Pakistani Army Wonder How Far They Can Push,"['Pashtun (Ethnic Group)', 'Human Rights and Human Rights Violations', 'Demonstrations, Protests and Riots', 'Pakistan', 'Bajwa, Qamar Javed', 'Federally Administered Tribal Areas (Pakistan)', 'Pashteen, Manzoor', 'Mehsud, Naqeebullah']"
Marathon,[]
A Beginner’s Guide to Taking Great Video on Your Phone,"['Smartphones', 'Video Recordings, Downloads and Streaming', 'Cameras']"
Every Other Letter,['Crossword Puzzles']
Trump Declines To Add Sanctions Against Russians,"['Trump, Donald J', 'Embargoes and Sanctions', 'Russia', 'United States International Relations', 'Defense and Military Forces', 'United States Politics and Government', 'United States Defense and Military Forces', 'Biological and Chemical Warfare', 'United Nations', 'Assad, Bashar al-', 'Putin, Vladimir V', 'Syria', 'Russian Interference in 2016 US Elections and Ties to Trump Associates']"
 Comey’s Star Turn May Spoil His Carefully Cultivated Image,"['Comey, James B', 'Trump, Donald J', 'Russian Interference in 2016 US Elections and Ties to Trump Associates', 'United States Politics and Government', 'Federal Bureau of Investigation', 'A Higher Loyalty: Truth, Lies, and Leadership (Book)', 'Books and Literature']"
"Earth, Wind And Liars","['Alternative and Renewable Energy', 'Wind Power', 'Solar Energy', 'United States Politics and Government', 'Republican Party', 'Trump, Donald J']"
Opening Public Lands to Oil and Gas. Just Not at Home.,"['Montana', 'Interior Department', 'Zinke, Ryan (1961- )', 'Federal Lands', 'National Parks, Monuments and Seashores', 'Environmental Protection Agency', 'Bears Ears National Monument (Utah)', 'Oil (Petroleum) and Gasoline', 'Trump, Donald J', 'Whitefish (Mont)', 'Ethics and Official Misconduct']"
We Chose Our Child,"['Down Syndrome', 'Abortion', 'Parenting', 'Ethics (Personal)']"
"Lordy, Is There a Tape?","['Russian Interference in 2016 US Elections and Ties to Trump Associates', 'United States Politics and Government', 'Prostitution', 'Federal Bureau of Investigation', 'Miss Universe Organization', 'Comey, James B', 'McDougal, Karen (1971- )', 'Steele, Christopher (1964- )', 'Trump, Donald J', 'Obama, Barack', 'Obama, Michelle', 'Moscow (Russia)', 'Las Vegas (Nev)']"
Sims Statue in Central Park to Be Moved,"['Monuments and Memorials (Structures)', 'Public Design Commission (NYC)', 'de Blasio, Bill', 'Sims, J Marion', 'Central Park (Manhattan, NY)', 'New York City']"
The Blindness Of Social Wealth,"['Social Media', 'Mental Health and Disorders', 'Depression (Mental)', 'Privacy', 'Facebook Inc', 'Zuckerberg, Mark E']"
It Was Unspeakably Miserable. I Can’t Wait to Tell You About It.,"['Running', 'Boston Marathon', 'Weather']"
"Saturday Night Out, 1978","['Studio 54', 'Manhattan (NYC)']"
James Comey’s Debasement,"['United States Politics and Government', 'Comey, James B', 'Trump, Donald J', 'A Higher Loyalty: Truth, Lies, and Leadership (Book)']"
U.S. and U.K. Forewarn  Of Russian Cyberthreat,"['Russian Interference in 2016 US Elections and Ties to Trump Associates', 'Cyberwarfare and Defense', 'Computer Security', 'Government Communications Headquarters (Great Britain)', 'Federal Bureau of Investigation', 'Trump, Donald J', 'Assad, Bashar al-', 'London (England)', 'Moscow (Russia)', 'Washington (DC)']"
Gasps in Courtroom as Hannity Is Named as Cohen’s Secret Client,"['Fox News Channel', 'Cohen, Michael D (1966- )', 'Hannity, Sean', 'Trump, Donald J']"
The Times and The New Yorker Share Prize for Abuse Coverage,"['Pulitzer Prizes', 'New York Times', 'New Yorker', '#MeToo Movement', 'Sexual Harassment', 'News and News Media', 'Washington Post', 'Arizona Republic', 'USA Today', 'Alabama Media Group', 'New York (Magazine)', 'Saltz, Jerry (1951- )', 'GQ', 'Cincinnati Enquirer', 'Reuters Group PLC', 'Daily Progress, The (Newspaper)', 'Greer, Andrew Sean', 'Less (Book)', 'Majok, Martyna', 'Cost of Living (Play)', 'Forman, James Jr', 'Locking Up Our Own: Crime and Punishment in Black America (Book)', 'Fraser, Caroline (Author)', 'Prairie Fires: The American Dreams of Laura Ingalls Wilder (Book)']"
Feral Bully Unleashes  Comic Storm,"['Theater', 'Happy Birthday, Wanda June (Play)', 'Frankel, Gene, Theater', 'Vonnegut, Kurt Jr', 'Wise, Jeff (Theater Director)', 'MacCluggage, Kate', ""O'Connell, Jason (Actor)"", 'Wheelhouse Theater Co']"
"Inch by Inch, an Operatic Jewel Is Polished","['Bayreuth Wagner Festival', 'Historic Buildings and Sites', 'Opera', 'Theaters (Buildings)', 'Restoration and Renovation', 'World Heritage Sites', 'Bayreuth (Germany)']"
Standing Watch With Wary Words,"['Smith, Tracy K', 'Young, Kevin (1970- )', 'Books and Literature', 'Poetry and Poets', 'Brown (Book)', 'Wade in the Water (Book)']"
"Cousin of the Martini, the Alaska Strikes Gold","['Gin (Liquor)', 'Cocktails and Mixed Drinks', 'Bars and Nightclubs', 'Grill, The (Manhattan, NY, Restaurant)', 'Office, The (Manhattan, NY, Bar)']"
"On Rubles, Renminbi And Trump","['United States Economy', 'International Trade and World Market', 'Trump, Donald J', 'Currency', 'US Dollar (Currency)', 'Interest Rates', 'China', 'Russia']"
Peru’s Love Affair With the Potato,"['Potatoes', 'Peru', 'Andes Mountains', 'Cooking and Cookbooks']"
What the Heck Is That?: BABAS,"['Crossword Puzzles', 'Cakes']"
"A Pair of Breakthroughs in a Slow, Slippery Marathon","['Boston Marathon', 'Marathon Running', 'Linden, Desiree (1983- )', 'Kawauchi, Yuki (1987- )', 'Kirui, Geoffrey', 'Biwott, Shadrack', 'Don, Tim (1978- )', 'McFadden, Tatyana (1989- )', 'Hug, Marcel (1986- )']"
"Chemical Weapons Experts Blocked From Site of Syria Attack, Officials Say","['Douma (Syria)', 'Syria', 'Biological and Chemical Warfare', 'Organization for the Prohibition of Chemical Weapons', 'United Nations', 'Russia', 'United States', 'International Relations', 'Great Britain']"
Memorial to War Dead  Shows Divide in Israel Over Complicated Past,"['Israel', 'Jerusalem (Israel)', 'Defense and Military Forces', 'Monuments and Memorials (Structures)', 'Politics and Government', 'Museums', 'Design', 'Architecture', 'Kimmel Eshkolot Architects', 'Kimmel, Etan']"
‘Here and Now’ Season 1 Finale: Baby’s on Fire,"['Television', 'Here and Now (TV Program)']"
New Lung Cancer Study Shows the Power of Immune Therapy,"['Immune System', 'Lung Cancer', 'Immunotherapy', 'Chemotherapy', 'Cancer', 'American Assn for Cancer Research', 'Merck & Company Inc']"
Unknown,[]
"‘The Walking Dead’ Season 8 Finale: War Is Over, if You Want It","['Television', 'The Walking Dead (TV Program)']"
"Trove Seized,  But Who Gets  First Glimpse?","['Cohen, Michael D (1966- )', 'Clifford, Stephanie (1979- )', 'Trump, Donald J', 'Wood, Kimba M', 'United States Politics and Government', 'Campaign Finance', 'Broidy, Elliott', 'Hannity, Sean', 'Presidential Election of 2016', 'Adultery']"
Guards Waited for Support To Stop Deadly Prison Riot,"['Prisons and Prisoners', 'Lee Correctional Institution (Lee County, SC)', 'Demonstrations, Protests and Riots', 'Murders, Attempted Murders and Homicides', 'Bishopville (SC)', 'Prison Guards and Corrections Officers']"
Unknown,"['Environmental Protection Agency', 'California', 'Greenhouse Gas Emissions', 'United States Politics and Government', 'Fuel Emissions (Transportation)', 'Trump, Donald J', 'Schwarzenegger, Arnold', 'Comey, James B', 'Automobiles', 'Russian Interference in 2016 US Elections and Ties to Trump Associates', '20/20 (TV Program)']"
The Currency Was Virtual. The Hunger Was Real.,['New York City']
Pros and Cons of Statin Therapy,"['Statins (Cholesterol-Lowering Drugs)', 'Cholesterol', 'Heart', 'Drugs (Pharmaceuticals)', 'Preventive Medicine']"
Reading Aloud to Young Children Has Benefits for Behavior and Attention,"['Children and Childhood', 'Parenting', 'Games', 'Books and Literature', 'Families and Family Life', 'Emotions', 'Reading and Writing Skills (Education)']"
They Made It Here,"['Theater', 'Art', 'Bates, Kathy', 'Broderick, Matthew', 'Dafoe, Willem', 'Lane, Nathan', 'McGovern, Elizabeth', 'Nichols, Mike', 'Nixon, Cynthia', 'Parker, Sarah Jessica', 'Plummer, Amanda', 'Richardson Jackson, LaTanya', 'Stoppard, Tom']"
Going to Church With Jimmy Carter,"['Christians and Christianity', 'Carter, Jimmy']"
Should I Give Up on White People?,"['Race and Ethnicity', 'Whites', 'Blacks', 'Philosophy']"
"What’s Going On in This Picture? | April 16, 2018",[]
The Medieval Derby,"['Travel and Vacations', 'Siena (Italy)', 'Horse Racing']"
Terror Plot or Idle Talk? Kansas Trial Hinges on the Answer,"['Garden City (Kan)', 'Federal Bureau of Investigation', 'Presidential Election of 2016', 'Muslims and Islam', 'Hate Crimes', 'Somali-Americans']"
Wired to Be Besties,"['Friendship', 'Brain', 'Dartmouth College', 'Nature Communications (Journal)', 'Research']"
Wartime Internment Of Japanese Looms Over Travel Ban Case,"['Trump, Donald J', 'Supreme Court (US)', 'Executive Orders and Memorandums', 'Immigration and Emigration', 'Refugees and Displaced Persons', 'Korematsu v United States (Supreme Court Decision)', 'Roosevelt, Franklin Delano']"
"Leaky Roofs, Broken Laptops, Mobile Classrooms: Snapshots From Public Schools","['Education (K-12)', 'Budgets and Budgeting', 'Teachers and School Employees', 'Textbooks', 'Wages and Salaries', 'States (US)']"
Would Americans Accept Putting Health Care on a Budget? ,"['Hospitals', 'Maryland', 'Budgets and Budgeting', 'Medicare', 'Health Insurance and Managed Care', 'Rural Areas']"
Secretary of Offense,"['Trump, Donald J', 'United States Politics and Government', 'Social Media', 'Twitter', 'Scavino, Dan Jr (1976- )']"
Unknown,[]
Photos of Gynecological Tools From Centuries Past,"['Pregnancy and Childbirth', 'Women and Girls', 'Photography']"
"Teaching Activities for: ‘Is British English Conquering America, or Vice Versa?’",[]
‘They Eat Money’: How Graft Enriches Mandela’s Political Heirs,"['Zuma, Jacob G', 'Corruption (Institutional)', 'Politics and Government', 'South Africa', 'Gupta Family', 'African National Congress', 'Agriculture and Farming', 'Government Contracts and Procurement', 'Blacks', 'vis-photo']"
On the Catwalk In Saudi Arabia,"['Fashion and Apparel', 'Women and Girls', 'Arab Fashion Council', 'Mohammed bin Salman (1985- )', 'Riyadh (Saudi Arabia)', 'Fashion Shows']"
"‘Trust’ Season 1, Episode 4 Recap: Business, as Usual","['Television', 'Trust (TV Program)']"
"‘Billions’ Season 3, Episode 4 Recap: Sealed With a Kiss","['Television', 'Billions (TV Program)']"
 Notable Moments In ABC’s Interview  With Ex-F.B.I. Chief,"['Comey, James B', 'ABC News', 'Trump, Donald J']"
"Tusks of Ivory,  Stalking the World","['Theater', ""Mlima's Tale (Play)"", 'Public Theater', 'Nottage, Lynn', 'Bonney, Jo', 'Ngaujah, Sahr', 'Aghayere, Ito', 'Mambo, Kevin', 'Gonzalez, Jojo']"
"He Called Out Sick, Then Apologized for Dying","['Buckel, David S (1957-2018)', 'Immolation', 'Suicides and Suicide Attempts', 'Global Warming', 'Environment', 'Civil Rights and Liberties', 'Red Hook Community Farm', 'Brooklyn (NYC)', 'Prospect Park (Brooklyn, NY)', 'Red Hook (Brooklyn, NY)']"
"From Trump’s Hometown, a New Legal Threat With Long Arms","['Trump, Donald J', 'Cohen, Michael D (1966- )', 'Campaign Finance', 'Presidential Election of 2016', 'Corruption (Institutional)', 'Berman, Geoffrey S', 'Khuzami, Robert S', 'Justice Department', 'New York State', 'United States Attorneys']"
Doctors Fight Drug-Resistant Typhoid Outbreak,"['Typhoid', 'Antibiotics', 'Vaccination and Immunization', 'Pakistan', 'Epidemics']"
"As It Turns Out, Baseball Really Is Brain Science","['deCervo LLC', 'Baseball', 'Data-Mining and Database Marketing', 'Draft and Recruitment (Sports)', 'Muraskin, Jordan', 'Sherwin, Jason', 'Major League Baseball']"
Unknown,"['Trump, Donald J', 'Syria', 'Civilian Casualties', 'United States Defense and Military Forces', 'Mattis, James N', 'Russia', 'United States', 'United States International Relations', 'Biological and Chemical Warfare']"
"Our Monologues, Ourselves","['Theater', 'Transfers (Play)', 'Thurber, Lucy', 'Gay, Jackson', 'MCC Theater Company', 'Lortel, Lucille, Theater', 'Brown, Leon Addison', 'Blankson-Wood, Ato']"
Teaching Activities for: ‘Hundreds of Immigrant Children Have Been Taken From Parents at U.S. Border’,[]
The Candidate Who Wouldn’t Talk,"['Books and Literature', 'Chozick, Amy', 'Chasing Hillary: Ten Years, Two Presidential Campaigns and One Intact Glass Ceiling (Book)', 'Presidential Election of 2016', 'News and News Media', 'Clinton, Hillary Rodham', 'Trump, Donald J']"
Beaches and Generosity Abound in Los Cabos,"['Baja California (Mexico)', 'Los Cabos (Mexico)', 'Travel and Vacations']"
Unknown,"['Hong Kong', 'Lam Wing-kee', 'China', 'Book Trade and Publishing', 'Censorship', 'Freedom of Speech and Expression', 'Political Prisoners', 'Causeway Bay Books (Causeway Bay, Hong Kong, Retailer)']"
College’s First Test: How to Pay for It,"['Financial Aid (Education)', 'Colleges and Universities', 'Scholarships and Fellowships', 'Pell Grants', 'Families and Family Life']"
Still Fraying at the Seams,"['Rana Plaza Building Collapse, Bangladesh (2013)', 'Workplace Hazards and Violations', 'Sweatshops', 'Fashion and Apparel', 'Alliance for Bangladesh Worker Safety', 'Dhaka (Bangladesh)']"
U.S. Warplanes Shift Tactics to Target Last ISIS Pockets in Eastern Syria,"['United States Defense and Military Forces', 'Kurds', 'Islamic State in Iraq and Syria (ISIS)', 'Syrian Democratic Forces', 'Syria']"
"A Child Is Killed, and Empathy Goes Missing","['Bano, Asifa', 'Hate Crimes', 'Kashmir and Jammu (India)', 'India', 'Nomadic People', 'Sex Crimes', 'Hinduism', 'Rasana (India)', 'Muslims and Islam', 'Child Abuse and Neglect', 'Modi, Narendra', 'Bharatiya Janata Party', 'Women and Girls']"
"Brushing Off Trump Scandals, Christian Right Marshals Forces for Midterms","['Midterm Elections (2018)', 'Evangelical Movement', 'Trump, Donald J', 'United States Politics and Government', 'Christians and Christianity', 'Elections, House of Representatives', 'Elections, Senate', 'Conservatism (US Politics)']"
Report Concludes Misconduct Was Not ‘Systemic’ at WNYC,"['WNYC', 'Walker, Laura R', 'Sexual Harassment', 'Radio', 'Appointments and Executive Changes', '#MeToo Movement', 'Public Broadcasting', 'Workplace Environment', 'New York Public Radio']"
Polar Bears of Hudson Bay,"['Polar Bears', 'Documentary Films and Programs', 'Churchill (Manitoba)']"
 Longing for a Baby With a Trans Partner,"['Infertility', 'Transgender and Transsexuals']"
Flattery Got  Ronny Jackson  Only So Far,"['United States Politics and Government', 'Veterans Affairs Department', 'Jackson, Ronny L', 'Trump, Donald J']"
Tammy Duckworth and Working Moms Like Mine,"['Parenting', 'Women and Girls', 'Senate', 'Duckworth, L Tammy', 'Babies and Infants', 'United States Politics and Government', 'Work-Life Balance']"
"In Real Life, SPF 100 Sunscreens May Work Better Than SPF 50","['Sunscreen', 'Skin', 'American Academy of Dermatology', 'Research']"
An Overdue Thanks,"['Emergency Medical Treatment', 'New York City']"
Another Day in Marvel’s Universe,"['Movies', 'Avengers: Infinity War (Movie)', 'Marvel Studios', 'Russo, Joe', 'Russo, Anthony', 'Walt Disney Company', 'Hemsworth, Chris', 'Saldana, Zoe', 'Evans, Chris (1981- )', 'Pratt, Chris', 'Downey, Robert Jr', 'Cumberbatch, Benedict', 'Boseman, Chadwick', 'Johansson, Scarlett', 'Cheadle, Don']"
Locals Bristle as Outsiders Grab Spaces,"['Parking', 'City Councils', 'Levine, Mark D', 'New York City', 'Manhattan (NYC)']"
Migrant Caravan Reaches U.S. Border. Journey Isn’t Over.,"['Mexico', 'El Salvador', 'Central America', 'United States', 'Immigration and Emigration', 'Illegal Immigration', 'Asylum, Right of', 'Trump, Donald J', 'Nielsen, Kirstjen', 'Sessions, Jefferson B III']"
"For Trump and Macron, A Presidential Bromance","['United States Politics and Government', 'Macron, Emmanuel (1977- )', 'Trump, Donald J', 'Macron, Brigitte', 'Trump, Melania', 'Washington (DC)']"
Israel’s Got Its Own Refugee Dilemma: African ‘Dreamers’,"['Israel', 'Refugees and Displaced Persons', 'Illegal Immigration', 'Africa', 'Eritrea', 'Ethiopia', 'Sudan', 'Darfur (Sudan)']"
"In Britain, an Immigration Crackdown Breaks a Postwar Promise","['Great Britain', 'Citizenship and Naturalization', 'Caribbean Area', 'Immigration and Emigration', 'May, Theresa M', 'Race and Ethnicity', 'Discrimination', 'West Indies', 'Barbados', 'Jamaica (West Indies)', 'Lammy, David']"
The Way It Was (or How He Recalls It),"['Theater', 'Travesties (Play)', 'Stoppard, Tom', 'Hollander, Tom', 'American Airlines Theater']"
"When Suspect Said ‘Kill Me,’ Officer Put Away His Gun","['Toronto, Ontario, Attack (April, 2018)', 'Toronto (Ontario)', 'Minassian, Alek', 'Police', 'Lam, Ken (Toronto, Ontario, Police Officer)']"
Doubtful Limits on Presidential Power,"['War and Emergency Powers (US)', 'United States Politics and Government', 'War Powers Act (1973)', 'Senate', 'Corker, Robert Phillips Jr', 'Kaine, Timothy M', 'Terrorism']"
"Judge Tells U.S. to Accept New DACA Applications, Breathing Life Into Program","['Deferred Action for Childhood Arrivals', 'Bates, John D', 'United States Politics and Government', 'Immigration and Emigration', 'Deportation', 'Decisions and Verdicts', 'Trump, Donald J', 'Homeland Security Department']"
Democrats Take Numerical Edge in Senate,"['Elections, State Legislature', 'Felder, Simcha', 'Killian, Julie', 'Mayer, Shelley B', 'Democratic Party', 'State Legislatures', 'New York State', 'Politics and Government', 'Westchester County (NY)', 'Republican Party', 'Independent Democratic Conference (New York State Senate)']"
"Republican Wins Race In Arizona Stronghold, Buoying Nervous Party","['Lesko, Debbie (1958- )', 'Tipirneni, Hiral', 'Republican Party', 'Elections, House of Representatives', 'United States Politics and Government', 'Arizona']"
Panel Tells N.C.A.A.To End 1 and Done,"['Basketball (College)', 'Agents (Business)', 'National Collegiate Athletic Assn', 'Emmert, Mark', 'Rice, Condoleezza', 'Silver, Adam (1962- )', 'Corruption (Institutional)']"
Furniture-Building Robots,[]
Teaching Activities for: ‘How Windmills as Wide as Jumbo Jets Are Making Clean Energy Mainstream’,[]
Are You Conforming to or Rebelling Against Your Parents’ Wishes for You?,[]
From Tracy K. Smith’s ‘Wade in the Water’,"['Smith, Tracy K', 'Graywolf Press']"
I’m a 73-Year-Old Cancer Survivor. Can I Accept A Kidney?,"['Transplants', 'Organ Donation', 'Traffic Accidents and Safety', 'Ethics (Personal)']"
"Workers In Tech, Use The Force","['Labor and Jobs', 'Computers and the Internet', 'Silicon Valley (Calif)', 'Organized Labor', 'Corporate Social Responsibility']"
N0 Exp3r13nc3? N0 pr0bl3m!,"['Baseball', 'Coaches and Managers', 'New York Mets', 'Alderson, Sandy', 'Callaway, Mickey', 'Cashman, Brian', 'Cora, Alex', 'Boone, Aaron', 'Cespedes, Yoenis', 'Collins, Terry L', 'Francona, Terry', 'Kapler, Gabe']"
A Lynching’s Long Shadow,"['Lynching', 'Blacks', 'Higginbotham, Elwood (d 1935)', 'Oxford (Miss)', 'Equal Justice Initiative', 'Stevenson, Bryan A (1959- )', 'National Memorial for Peace and Justice (Montgomery, Ala)', 'Monuments and Memorials (Structures)', 'Southern States (US)']"
"First You Buy A Ticket, Then You Get Provoked","['Theater', 'Light Shining in Buckinghamshire (Play)', 'Churchill, Caryl', 'New York Theater Workshop', 'Writing and Writers', 'Royal Court Theater', 'Chavkin, Rachel']"
Coal Country Run for the Senate. No Apologies.,"['Blankenship, Don L', 'Elections, Senate', 'Manchin, Joe III', 'West Virginia', 'Las Vegas (Nev)', 'China', 'Republican Party', 'Massey Energy Co', 'Mines and Mining', 'Primaries and Caucuses', 'Midterm Elections (2018)']"
Supreme Court Signals Support For a Travel Ban,"['Trump, Donald J', 'Supreme Court (US)', 'Presidential Election of 2016', 'Immigration and Emigration', 'Muslims and Islam', 'Discrimination', 'Executive Orders and Memorandums', 'Refugees and Displaced Persons', 'Francisco, Noel J', 'Katyal, Neal K']"
Giving Voice  To the Victims  Of Racist Terror,"['National Memorial for Peace and Justice (Montgomery, Ala)', 'Montgomery (Ala)', 'Blacks', 'Lynching', 'Slavery (Historical)', 'Equal Justice Initiative', 'Monuments and Memorials (Structures)', 'Southern States (US)']"
Liberalism’s Golden Dream,"['Liberalism (US Politics)', 'Immigration and Emigration', 'Gentrification', 'Claremont Institute', 'Democratic Party', 'Republican Party', 'Trump, Donald J', 'California', 'Los Angeles (Calif)', 'Santa Monica (Calif)']"
The Strong and Stressed Black Woman,"['Race and Ethnicity', 'Women and Girls', 'Mental Health and Disorders']"
Unknown,"['Jackson, Ronny L', 'Trump, Donald J', 'Veterans Affairs Department', 'United States Politics and Government', 'Senate', 'Appointments and Executive Changes']"
The Secret to Magic Mornings? Put the Kids to Work,"['Cooking and Cookbooks', 'Children and Childhood', 'Eggs', 'Yogurt', 'Parenting', 'Families and Family Life']"
Unknown,['New York City']
How Strenuous Exercise Affects Our Immune System,"['Exercise', 'Immune System', 'Running', 'Colds', 'Marathon Running', 'Ultramarathon Running']"
Diabetes Self-Care Courses Can Come With Sticker Shock,"['Health Insurance and Managed Care', 'Diabetes', 'Hospitals', 'Prices (Fares, Fees and Rates)', 'Advertising and Marketing']"
‘You never see that point of view in mainstream press.’,"['United States Politics and Government', 'Race and Ethnicity', 'Rumors and Misinformation', 'Women and Girls', 'Minorities', 'Conservatism (US Politics)', 'Writing and Writers', 'News and News Media', 'Sanders, Bernard', 'Trump, Donald J', 'Williamson, Kevin']"
Danish Inventor Is Found Guilty in Gruesome Killing of Journalist,"['Denmark', 'Madsen, Peter (1971- )', 'Wall, Kim (Journalist)', 'Sex Crimes', 'Murders, Attempted Murders and Homicides', 'Submarines and Submersibles']"
Unknown,['Crossword Puzzles']
"$2.5 Million Homes in New York, California and Georgia","['Real Estate and Housing (Residential)', 'East Hampton (NY)', 'Altadena (Calif)', 'Savannah (Ga)']"
Unknown,"['California', 'Montecito (Calif)', 'Landslides and Mudslides']"
House Hunting in … France,"['Real Estate and Housing (Residential)', 'Cannes (France)', 'St-Tropez (France)', 'Grasse (France)']"
"Conquering Lucia, Crazy as It Seems","['Opera', 'Metropolitan Opera', 'Donizetti, Gaetano', 'Yende, Pretty', 'Lucia di Lammermoor (Opera)']"
Trusting   The Joke’s Not on Her,"['Television', 'Comedy and Humor', 'Wolf, Michelle', 'The Break With Michelle Wolf (TV Program)', 'White House Correspondents Assn', 'United States Politics and Government', 'Trump, Donald J']"
Unknown,"['Golf', 'Blacks', 'Women and Girls', 'Discrimination', 'Grandview Golf Club (York, Pa)', 'York (Pa)', 'Chronister, Jordan', 'Chronister, Steve']"
"There’s Even Something for the Adults, Too","['Real Estate and Housing (Residential)', 'Bergenfield (NJ)']"
So the South’s White Terror Will Never Be Forgotten,"['Legacy Museum (Montgomery, Ala)', 'National Memorial for Peace and Justice (Montgomery, Ala)', 'Lynching', 'Slavery (Historical)', 'Civil Rights and Liberties', 'Equal Justice Initiative', 'Stevenson, Bryan A (1959- )', 'Montgomery (Ala)', 'Blacks']"
Search for ‘Golden State Killer’ Leads to Former Police Officer,"['DeAngelo, Joseph James', 'Serial Murders', 'Sex Crimes', 'California', 'McNamara, Michelle (1970-2016)', 'Oswalt, Patton', 'Sacramento County (Calif)']"
Candid Audio As N.F.L. Met Over Protests,"['United States National Anthem Protests (2016- )', 'Football', 'National Football League', 'Goodell, Roger', 'Kaepernick, Colin', 'Trump, Donald J']"
Pruitt’s Plan of Defense: Lay the Blame on Others,"['Pruitt, Scott', 'United States Politics and Government', 'Ethics and Official Misconduct', 'Environmental Protection Agency', 'Chmielewski, Kevin', 'Regulation and Deregulation of Industry', 'Lobbying and Lobbyists', 'Conflicts of Interest']"
My Rapidly Disappearing Inheritance,"['Wills and Estates', 'Nursing Homes', 'Elder Care']"
"Saying Hello to Amazon, and Higher Rents","['Amazon.com Inc', 'Relocation of Business', 'Renting and Leasing (Real Estate)', 'Real Estate and Housing (Residential)', 'Gentrification', 'Labor and Jobs', 'Affordable Housing', 'Tax Credits, Deductions and Exemptions', 'Nashville (Tenn)', 'Computers and the Internet']"
"Day After Kisses, French Leader Critiques Trump Policies","['Macron, Emmanuel (1977- )', 'Speeches and Statements', 'House of Representatives', 'Trump, Donald J', 'United States International Relations', 'Senate', 'United States']"
Track’s Hormone Hurdle for Women,"['Track and Field', 'Intersex', 'Semenya, Caster', 'Chand, Dutee', 'International Assn of Athletics Federations', 'Women and Girls', 'Gender']"
When States Deny Dignity to Black Citizens,"['State Legislatures', 'Southern States (US)', 'Slavery (Historical)', 'Blacks', 'Forrest, Nathan Bedford', 'Tennessee', 'Georgia', 'Missouri', 'Monuments and Memorials (Structures)', 'North Carolina']"
Common Pain Relievers Beat Opioids for Dental Pain Relief,"['Pain-Relieving Drugs', 'Opioids and Opiates', 'Teeth and Dentistry', 'Drug Abuse and Traffic', 'Tylenol (Drug)']"
Swindled on Facebook By Fake Marks and Sheryls,"['Social Media', 'Frauds and Swindling', 'Impostors (Criminal)', 'Corporate Social Responsibility', 'Facebook Inc', 'Sandberg, Sheryl K', 'Zuckerberg, Mark E']"
"‘The Handmaid’s Tale’ Season 2, Episodes 1 and 2: The Limits of Mercy","['Television', ""The Handmaid's Tale (TV Program)""]"
My Mother-in-Law’s Mink,"['Fur', 'New York City']"
Why Does Trump Treat Immigrant Kids Cruelly? Because He Can,"['Immigration and Emigration', 'Asylum, Right of', 'United States Politics and Government', 'Illegal Immigration', 'Immigration Detention', 'Refugees and Displaced Persons', 'Foster Care', 'American Civil Liberties Union', 'Frank, Anne', 'Geisel, Theodor Seuss', 'Kelly, John F (1950- )', 'Nielsen, Kirstjen', 'Trump, Donald J']"
"Behind an Assassination in Malaysia, Israeli-Palestinian Intrigue","['Batsh, Fadi al- (d 2018)', 'Assassinations and Attempted Assassinations', 'Israel', 'Palestinians', 'Targeted Killings', 'Hamas', 'Mossad', 'Kuala Lumpur (Malaysia)', 'Gaza Strip', 'United Malays National Organization']"
A New Mitt  Or the Same  Old Weenie?,"['Elections, Senate', 'Romney, Mitt', 'Utah', 'United States Politics and Government', 'Midterm Elections (2018)']"
"A Martyr, Sane And Sensible","['Theater', 'Manhattan Theater Club', 'Friedman, Samuel J, Theater', 'Saint Joan (Play)', 'Rashad, Condola', 'Page, Patrick', 'Shaw, George Bernard', 'Sullivan, Daniel J']"
With Respect to an Answer’s Location,['Crossword Puzzles']
"Overlooked No More: Maria Bochkareva, Who Led Women Into Battle in WWI","['Bochkareva, Maria', 'Defense and Military Forces', 'Women and Girls', 'World War I (1914-18)', 'Russia', 'Biographical Information']"
"‘The Americans’ Season 6, Episode 5 Recap: The End Game Is Here","['Television', 'The Americans (TV Program)']"
Breakdancing,[]
"For This Artist, It’s All About the Action","['Bergdorf Goodman', 'Longshore, Ashley', 'Art', 'Fashion and Apparel']"
Are You Intimidated by Classical Music and Art?,[]
The Era of Very Low Inflation and Interest Rates May Be Near an End,"['United States Economy', 'Inflation (Economics)', 'Economic Conditions and Trends', 'Oil (Petroleum) and Gasoline', 'Government Bonds']"
36 Hours in Copenhagen,"['Travel and Vacations', 'Copenhagen (Denmark)']"
Wave of Red Surges Into Arizona and Colorado,"['Arizona', 'Teachers and School Employees', 'Strikes', 'Education (K-12)', 'Politics and Government', 'Wages and Salaries', 'Colorado', 'Organized Labor', 'Ducey, Doug (1964- )', 'Budgets and Budgeting']"
Fed Officials Worry Economy Is Too Good. Workers Still Feel Left Behind.,"['United States Economy', 'Inflation (Economics)', 'Wages and Salaries', 'Interest Rates', 'Commerce Department', 'Federal Reserve Bank of Boston', 'Federal Reserve Bank of Chicago', 'Federal Reserve System', 'SurveyMonkey', 'Brainard, Lael', 'Evans, Charles L', 'Hassett, Kevin A', 'Rosengren, Eric S']"
"For ‘The Karate Kid,’ a Grudge Rematch","['Movies', 'Television', 'The Karate Kid (Movie)', 'Cobra Kai (TV Program)', 'Macchio, Ralph (1961- )', 'Zabka, William', 'YouTube.com']"
Unknown,"['Pruitt, Scott', 'Environmental Protection Agency', 'Ethics and Official Misconduct', 'House of Representatives', 'United States Politics and Government', 'Government Accountability Office', 'Republican Party']"
A Life’s One Last Chance,"['Immunotherapy', 'Cancer', 'Prostate Cancer', 'Drugs (Pharmaceuticals)', 'Immune System', 'Tumors', 'Doctors']"
"Once a Leader of a Revolution,  Now the Target of an Uprising    ","['Nicaragua', 'Politics and Government', 'Ortega, Daniel', 'Demonstrations, Protests and Riots', 'Murillo, Rosario', 'Managua (Nicaragua)']"
The Supreme Court and the New Civil War,"['Federal-State Relations (US)', 'Immigration and Customs Enforcement (US)', 'Justice Department', 'National Assn for the Advancement of Colored People', 'Supreme Court (US)', 'Becerra, Xavier', 'Bush, George W', 'Homan, Thomas D', 'Kennedy, Anthony M', ""O'Connor, Sandra Day"", 'Rehnquist, William H', 'Sessions, Jefferson B III', 'Trump, Donald J', 'California', 'Chicago (Ill)', 'Connecticut', 'Guantanamo Bay Naval Base (Cuba)', 'New Haven (Conn)', 'Texas']"
Meet the New Boss. Actually Quite Different From the Old Boss.,"['Presidential Election of 2016', 'Tea Party Movement', 'Fox News Channel', 'Republican Party', 'Bush, George W', 'Trump, Donald J']"
"Bush 41, Trump, and American Decline","['United States Politics and Government', 'Politics and Government', 'Trump, Donald J', 'Bush, George', 'North American Free Trade Agreement', 'Meacham, Jon', 'Macron, Emmanuel (1977- )', 'Bush, Barbara']"
Some L.G.B.T. Parents Reject the Names ‘Mommy’ and ‘Daddy’,"['Homosexuality and Bisexuality', 'Discrimination', 'Parenting', 'Names, Personal', 'Families and Family Life']"
Unknown,['New York City']
Isolated Office Hid V.A. Pick From Scrutiny,"['Jackson, Ronny L', 'Trump, Donald J', 'United States Politics and Government', 'Appointments and Executive Changes', 'Veterans Affairs Department']"
Unknown,[]
Unknown,"['Real Estate and Housing (Residential)', 'Kips Bay (Manhattan, NY)', 'Harlem (Manhattan, NY)']"
Unknown,"['Real Estate and Housing (Residential)', 'Huntington (NY)', 'Westport (Conn)']"
How Old Are Home Buyers?,"['Real Estate and Housing (Residential)', 'Millennial Generation']"
Terraces to Look At and Linger On,"['Real Estate and Housing (Residential)', 'Balconies and Terraces', 'Architecture']"
"Merkel Is Next to Visit Trump, but a Lavish Welcome Mat Won’t Be Out","['United States International Relations', 'Merkel, Angela', 'Trump, Donald J', 'Europe', 'Macron, Emmanuel (1977- )', 'Germany']"
Trump Distances Himself From Cohen Inquiry,"['Trump, Donald J', 'Cohen, Michael D (1966- )', 'United States Politics and Government', 'Clifford, Stephanie (1979- )', 'Adultery', 'Suits and Litigation (Civil)', 'Fox & Friends (TV Program)', 'Russian Interference in 2016 US Elections and Ties to Trump Associates', 'Mueller, Robert S III', 'Special Prosecutors (Independent Counsel)']"
"From the Savory Side, the Salty Carricantes of Sicily","['Wines', 'Grapes', 'Champagne (Wine)', 'Benanti Winery (Mount Etna, Italy)', 'Graci Winery (Mount Etna, Italy)', 'Jackson Family Wines Inc', 'Mount Etna (Italy)', 'Italy']"
Your Next Lesson: Fiano,"['Grapes', 'Wines', 'Campania (Italy)']"
Modern Russian Dumplings That Nod to the Past,"['Sheepshead Bay (Brooklyn, NY)']"
Tea Leaves Still Signal Democratic Edge in Battle for House Control,"['Midterm Elections (2018)', 'Elections, House of Representatives', 'United States Politics and Government', 'Democratic Party', 'Republican Party', 'Trump, Donald J']"
Genealogy Site Led to the Suspect’s Front Door,"['DeAngelo, Joseph James', 'Serial Murders', 'Sex Crimes', 'Sacramento (Calif)', 'Forensic Science', 'DNA (Deoxyribonucleic Acid)', 'Genealogy', 'California']"
Teaching With: ‘Watch How a Pop Hit is Made.’,[]
The White Rebellion,"['Race and Ethnicity', 'Blacks', 'Whites', 'Discrimination', 'Proceedings of the National Academy of Sciences', 'Trump, Donald J']"
"From Siberia, an Unlikely Cry: ‘We Need Greenpeace!’","['Global Warming', 'Russia', 'Trucks and Trucking']"
"Tiny Tots, Heavy Weights","['Weight Lifting', 'Children and Childhood']"
"Unreserved Hawk Is Confirmed as Top Diplomat, With Votes to Spare","['Pompeo, Mike', 'State Department', 'United States International Relations', 'Russian Interference in 2016 US Elections and Ties to Trump Associates', 'United States Politics and Government', 'Elections, Senate']"
The Best Italian Subs — at Least in Australia,"['Sandwiches', 'Pasta', 'Perth (Australia)', 'Re Store (Perth, Australia, Restaurant)', 'Restaurants']"
"Games of Squash, Without the Ceiling","['Squash (Sport)', 'Philanthropy', 'City Parks Foundation', 'Lower East Side (Manhattan, NY)', 'Public Squash (Nonprofit)']"
A New Spider Family Tree Tries to Untangle the Evolution of Webs,"['Spiders', 'Evolution (Biology)', 'Genetics and Heredity', 'Research', 'Current Biology (Journal)', 'Hormiga, Gustavo']"
Jury Finds Cosby Guilty In a Sexual Assault Case Seen as a Turning Point,"['Cosby, Bill', 'Sex Crimes', 'Constand, Andrea', 'Decisions and Verdicts', 'Women and Girls', '#MeToo Movement', 'Dickinson, Janice', 'The Cosby Show (TV Program)', 'Montgomery County (Pa)']"
"Dress Codes, Anti-Bias Training, Standardized Tests and Smiles: Our Favorite Student Comments of the Week",[]
Rift in Britain and Abroad on Care of Brain-Damaged Baby,"['Evans, Alfie', 'Great Britain', 'Liverpool (England)', 'Life-Sustaining Support Systems, Withdrawal Of', 'Roman Catholic Church', 'Francis']"
Former Judge to Review Files Seized in Searches,"['Cohen, Michael D (1966- )', 'Jones, Barbara S', 'Wood, Kimba M', 'Trump, Donald J']"
When Misogynists Become Terrorists,"['Toronto, Ontario, Attack (April, 2018)', 'Minassian, Alek', ""Women's Rights"", 'Women and Girls', 'Computers and the Internet', 'Murders, Attempted Murders and Homicides', 'Reddit Inc', 'Toronto (Ontario)']"
"Dear Abby, #MeToo","['Women and Girls', '#MeToo Movement', 'Sexual Harassment', 'News and News Media']"
Leaders of Two Koreas Meet,"['North Korea', 'South Korea', 'Kim Jong-un', 'Moon Jae-in', 'International Relations', 'Nuclear Weapons', 'Arms Control and Limitation and Disarmament', 'Trump, Donald J', 'Embargoes and Sanctions', 'United States International Relations']"
Caffeine During Pregnancy Tied to Overweight Offspring,"['Pregnancy and Childbirth', 'Caffeine', 'Weight', 'Parenting', 'Obesity']"
A Modern-Day Myth for Women on the Verge,"['The Pisces (Book)', 'Broder, Melissa', 'Writing and Writers', 'Books and Literature']"
Bill Cosby Shares a Few Words With the Prosecutor in Court,"['Cosby, Bill', 'Sex Crimes', 'Steele, Kevin R', ""O'Neill, Steven T (1953- )"", 'Assaults', 'Celebrities', 'Pennsylvania']"
Seeking Street Smarts,['Manhattan (NYC)']
A Reckoning for Cosby — Now for Others?,"['Cosby, Bill', 'Sex Crimes', 'Women and Girls', '#MeToo Movement', 'Constand, Andrea', 'Dickinson, Janice']"
Trump’s War  On the Poor,"['Trump, Donald J', 'Republican Party', 'United States Politics and Government', 'Welfare (US)', 'Poverty']"
"About That Wrongdoing, Pruitt Says, I Didn’t Do It","['United States Politics and Government', 'Ethics and Official Misconduct', 'Conflicts of Interest', 'Environment', 'Global Warming', 'Lobbying and Lobbyists', 'Environmental Protection Agency', 'House of Representatives', 'Pruitt, Scott']"
Golden State Killer’s Victims: The Families Who Never Gave Up Hope,"['Sex Crimes', 'Serial Murders', 'DeAngelo, Joseph James', 'California']"
The Jury Finally Believes the Women,"['Cosby, Bill', 'Constand, Andrea', 'Sex Crimes', '#MeToo Movement', 'Women and Girls']"
"Barflies, Clinging to Pipe Dreams and Other Lies","['Theater', 'The Iceman Cometh (Play)', ""O'Neill, Eugene"", 'Wolfe, George C', 'Washington, Denzel', 'Morse, David', 'Butler, Austin (1991- )', 'Irwin, Bill', 'Wood, Frank (1960- )', 'Meaney, Colm']"
"For Many, Life on Team Trump Ends in a Crash","['Trump, Donald J', 'United States Politics and Government', 'Ethics and Official Misconduct', 'Shulkin, David J', 'Cohen, Michael D (1966- )', 'Jackson, Ronny L']"
Comic’s Sick Joke: Warm TV Dad,"['Cosby, Bill', 'Sex Crimes', 'Blacks', 'Actors and Actresses', 'Television', 'The Cosby Show (TV Program)']"
Unknown,"['United States Politics and Government', 'Chaplains', 'Tax Cuts and Jobs Act (2017)', 'Freedom of Religion', 'House of Representatives', 'Ryan, Paul D Jr']"
Hit After Hit,"['Crossword Puzzles', 'Cable Television', 'Shortz, Will']"
"‘Atlanta’ Season 2, Episode 9: Al Is Ready for a Change","['Television', 'Atlanta (TV Program)']"
Unknown,"[""RuPaul's Drag Race (TV Program)"", 'Television']"
What the Mona Lisa Tells Us About Art in the Instagram Era,"['Social Media', 'Louvre Museum', 'da Vinci, Leonardo', 'Collectors and Collections', 'Photography', 'Knowles, Beyonce', 'Jay-Z', 'Art', 'Museums', 'Grand Gallery']"
"A Meeting Short on Details, but Long on Theater","['vis-multimedia', 'Politics and Government', 'Kim Jong-un', 'Moon Jae-in', 'North Korea', 'Korean Demilitarized Zone', 'South Korea']"
Public Square,[]
Two Koreas Unite in Goal To Banish Nuclear Weapons Nuclear Weapons,"['North Korea', 'South Korea', 'Kim Jong-un', 'Moon Jae-in', 'International Relations', 'Korean War', 'Arms Control and Limitation and Disarmament', 'Nuclear Weapons', 'Trump, Donald J', 'United States International Relations']"
Trevor Noah Jabs Trump for Not Buying Melania a Birthday Gift,"['Noah, Trevor (1984- )', 'Colbert, Stephen', 'Fallon, Jimmy', 'Meyers, Seth', 'Trump, Donald J', 'Kim Jong-un', 'Trump, Melania', 'West, Kanye', 'Late Night with Seth Meyers (TV Program)', 'The Daily Show with Trevor Noah (TV Program)', 'The Tonight Show (TV Program)']"
"Teaching Activities for: ‘For Thousands of ‘Dreamers,’ It Has Been a Wild Ride. And It’s Not Over Yet.’",[]
Board Members Beware,"['Real Estate and Housing (Residential)', 'Cooperatives', 'Suits and Litigation (Civil)', 'Boards of Directors', 'Insurance', 'New York City']"
How an Air-Conditioning Project Turns Heated,"['Real Estate and Housing (Residential)', 'Air Conditioning', 'West Village (Manhattan, NY)', 'Cooperatives']"
How Alike Are You and Your Friends?,[]
The Year I Learned to Quit,"['Big Sur (Calif)', 'Marathon Running', 'Hibernation']"
The Tale of a Corporate Spy,"['K2 Intelligence LLC', 'Moore, Robert (Rob)', 'Industrial Espionage', 'Asbestos', 'Hazardous and Toxic Substances', 'Suits and Litigation (Civil)', 'London (England)']"
Diary of a Co-op Board President,"['Real Estate and Housing (Residential)', 'Home Repairs and Improvements', 'Cooperatives', 'Air Conditioning']"
Slowed Growth  In the Economy  May Be a Blip,"['United States Economy', 'Consumer Behavior', 'Gross Domestic Product', 'Tax Cuts and Jobs Act (2017)', 'Commerce Department', 'Federal Reserve System']"
"Before Driving Off Cliff, Hart Family Left a Trail Of Cruelty and Abuse","['Hart, Jennifer (1979-2018)', 'Hart, Sarah (1979-2018)', 'Adoptions', 'Deaths (Fatalities)', 'Missing Persons', 'Children and Childhood', 'Domestic Violence', 'Murders, Attempted Murders and Homicides', 'Mendocino County (Calif)', 'Minnesota', 'Washington (State)', 'Oregon']"
Stepping Outside the Dollhouse,"['Art', 'Women and Girls', 'Photography', 'Transgender and Transsexuals', 'Boone, Mary, Gallery', 'Salon 94 Bowery', 'Dunham, Grace (1992- )', 'Dunham, Lena', 'Simmons, Laurie', 'Connecticut', 'My Art (Movie)']"
Is Alkaline Water Really Better for You?,"['Water', 'Advertising and Marketing']"
"The World Owes One to France, Big Time","['Politics and Government', 'United States Politics and Government', 'Macron, Emmanuel (1977- )', 'Merkel, Angela', 'Trump, Donald J', 'France', 'Europe', 'Great Britain', 'Germany']"
The Teachers’ Revolt Spreads to Arizona,"['Teachers and School Employees', 'Education (K-12)', 'Labor and Jobs', 'Organized Labor', 'Strikes', 'Wages and Salaries', 'Ducey, Doug (1964- )', 'Trump, Donald J', 'Arizona', 'Colorado', 'Kentucky', 'Oklahoma', 'West Virginia']"
"To Beat Trump, Build A Better Biden","['Presidential Election of 2020', 'Democratic Party', 'Biden, Joseph R Jr', 'Gillibrand, Kirsten E', 'Booker, Cory A', 'Harris, Kamala D', 'Trump, Donald J', 'United States Politics and Government']"
Unknown,"['Cosby, Bill', '#MeToo Movement', 'Sexual Harassment', 'Sex Crimes', 'Decisions and Verdicts']"
The Disease Game,"['Families and Family Life', 'Cancer', 'Breast Cancer', 'Genetics and Heredity', 'Parenting']"
Unknown,['New York City']
Lawyer Who Offered Dirt on Clinton Is Tied To a Kremlin Official,"['Veselnitskaya, Natalia', 'Russian Interference in 2016 US Elections and Ties to Trump Associates', 'Trump Tower (Manhattan, NY)', 'Chaika, Yuri Y', 'United States Politics and Government', 'Justice Department', 'Trump, Donald J', 'Russia']"
What Do We Do With These Men?,"['Sexual Harassment', 'Sex Crimes', '#MeToo Movement']"
Unknown,"['Classified Information and State Secrets', 'Trump, Donald J', 'Comey, James B', 'Kim Jong-un']"
This House Is Smart. Maybe a Little Too Smart.,"['Real Estate and Housing (Residential)', 'Mobile Applications', 'Home Automation and Smart Homes', 'Privacy']"
Unknown,[]
Surefire Winner? Certain Bust? Let the Debates Begin,"['Football', 'Draft and Recruitment (Sports)', 'National Football League']"
Two Reports on Meddling:  Choose Your Own Verdict,"['House Committee on Intelligence', 'Republican Party', 'Trump, Donald J', 'United States Politics and Government', 'Russian Interference in 2016 US Elections and Ties to Trump Associates', 'Presidential Election of 2016', 'Democratic Party']"
A Financial Bill of Rights,"['Hospitals', 'Health Insurance and Managed Care']"
"A Fresh, Bright Way to Stir-Fry","['Cooking and Cookbooks', 'Chickens', 'Recipes']"
A Guide to What’s Happening in North Korea,"['Arms Control and Limitation and Disarmament', 'Nuclear Weapons', 'United States International Relations', 'Embargoes and Sanctions', 'Nuclear Tests', 'International Relations', 'War Crimes, Genocide and Crimes Against Humanity', 'Kim Jong-un', 'Moon Jae-in', 'Trump, Donald J', 'Xi Jinping', 'North Korea', 'South Korea', 'Yongbyon (North Korea)']"
Plan to Storm Fence Gets Bloody Preview in Gaza,"['Israel', 'Defense and Military Forces', 'Gaza Strip', 'Palestinians', 'Demonstrations, Protests and Riots', 'Border Barriers', 'Hamas', 'Deaths (Fatalities)']"
"A Deluxe Asparagus Frittata, Topped With Burrata","['Cooking and Cookbooks', 'Eggs', 'Recipes']"
Merger Said To Be Close For T-Mobile And Sprint,"['Sprint Nextel Corporation', 'T-Mobile US Inc.', 'Mergers, Acquisitions and Divestitures', 'Cellular Telephones', 'Wireless Communications', 'Telephones and Telecommunications', 'Verizon Communications Inc', 'T-Mobile US Inc', 'AT&T Inc', 'United States']"
You’ll Need a Lot of Popcorn,"['Movies', 'AMC Entertainment', 'Marvel Entertainment', 'Avengers: Infinity War (Movie)']"
"Paid More Than His Boss, or Even His Boss’s Boss","['Wages and Salaries', 'United States Politics and Government', 'Centers for Disease Control and Prevention', 'Redfield, Robert R', 'Murray, Patty', 'Science and Technology', 'Medicine and Health']"
#MeToo Becomes #YouToo,"['New York City', 'Politics and Government', 'de Blasio, Bill', 'Sexual Harassment', '#MeToo Movement', 'Workplace Hazards and Violations', 'Government Employees']"
Nicaraguan Students in Revolt Now Face More Daunting Task,"['Nicaragua', 'Ortega, Daniel', 'Demonstrations, Protests and Riots', 'Politics and Government', 'Youth', 'Colleges and Universities']"
"Tracking Graft, From the Bootlegger to the Mayor","['New York City', 'Gifts to Public Officials', 'Corruption (Institutional)', 'de Blasio, Bill', 'Politics and Government', 'Rechnitz, Jona S', 'Peralta, Hamlet (1979- )', 'Reichberg, Jeremy (1974- )', 'Banks, Philip III', 'Grant, James M (1973- )', 'Huberfeld, Murray', 'Harrington, Michael J (1966- )', 'Seabrook, Norman', 'Organized Labor', ""Correction Officers' Benevolent Assn (NYC)"", 'Police Department (NYC)']"
Kim Sells A Peace Bridge,"['North Korea', 'Kim Jong-un', 'South Korea', 'Moon Jae-in', 'International Relations', 'Nuclear Weapons', 'Arms Control and Limitation and Disarmament', 'United States International Relations', 'Trump, Donald J']"
Yipes! They Canned the Chaplain,"['Conroy, Patrick J', 'Chaplains', 'Ryan, Paul D Jr', 'House of Representatives', 'United States Politics and Government']"
Good Going!,['Crossword Puzzles']
Anxiety in G.O.P.  As Trump Scoffs  At Midterm Risks,"['Trump, Donald J', 'Midterm Elections (2018)', 'Republican Party', 'McConnell, Mitch', 'Senate', 'House of Representatives', 'United States Politics and Government', 'Elections, House of Representatives', 'Elections, Senate']"
Early Clues Placed Serial Killer Near the Police,"['DeAngelo, Joseph James', 'Sex Crimes', 'Serial Murders', 'Sacramento (Calif)', 'Murders, Attempted Murders and Homicides', 'Federal Bureau of Investigation', 'California']"
Variety: Acrostic,"['Crossword Puzzles', 'Acrostic Puzzles', 'Whales and Whaling', 'Moby-Dick (Book)']"
"Women at Nike  Revolt, Forcing  Change at Last","['NIKE Inc', 'Sexual Harassment', 'Workplace Hazards and Violations', 'Edwards, Trevor', 'Parker, Mark G', 'Martin, Jayme V (1970- )', 'Oregon', '#MeToo Movement', 'Discrimination', 'Women and Girls', 'vis-photo']"
"Against a Global Populist Tide, A Pope Is Remaking the Church","['Francis', 'Roman Catholic Church', 'Politics and Government', 'Cardinals (Roman Catholic Prelates)']"
Why Trump Supporters Don’t Mind His Lies,"['Lying', 'Psychology and Psychologists', 'Sanders, Sarah Huckabee', 'Spicer, Sean M (1971- )', 'Trump, Donald J']"
Trump: Our Cartoon Nobel Laureate,"['Trump, Donald J', 'United States Politics and Government', 'Nobel Prizes', 'North Korea']"
An Open Letter to Justice Kennedy,"['Supreme Court (US)', 'Kennedy, Anthony M', 'United States Politics and Government', 'Constitution (US)', 'Appointments and Executive Changes', 'Garland, Merrick B', 'Gorsuch, Neil M', 'McConnell, Mitch', 'Trump, Donald J']"
Alfie Evans and the Experts,"['Life-Sustaining Support Systems, Withdrawal Of', 'McMath, Jahi', 'Gard, Charlie (2016- )', 'Evans, Alfie', 'Doctors', 'Courts and the Judiciary']"
I Want to Be Rich  And I’m Not Sorry,"['Women and Girls', 'Wages and Salaries', 'Personal Finances']"
The Extinction of Gay Identity,"['Homosexuality and Bisexuality', 'Theater', 'The Boys in the Band (Play)', 'Crowley, Mart']"
The End of Intelligence,"['United States Politics and Government', 'Espionage and Intelligence Services', 'Central Intelligence Agency', 'National Security Agency', 'Trump, Donald J', 'Bosnia and Herzegovina']"
Did I Choose the Wrong College?,"['Financial Aid (Education)', 'Colleges and Universities', 'Scholarships and Fellowships', 'Cornell University', 'University of Florida']"
Mis-Unabbreviated,['Crossword Puzzles']
Kim Says He’d End Nuclear Pursuit For a U.S. Truce,"['North Korea', 'Kim Jong-un', 'Nuclear Weapons', 'South Korea', 'Korean War', 'Defense and Military Forces', 'Trump, Donald J', 'Moon Jae-in', 'Korean Demilitarized Zone', 'United States International Relations']"
Unknown,"['Real Estate and Housing (Residential)', 'Montclair (NJ)', 'Williamsburg (Brooklyn, NY)', 'Westport (Conn)', 'Upper West Side (Manhattan, NY)', 'Manhasset (NY)', 'Westchester County (NY)']"
Press Dinner’s Comedy Act Sets Off Furor,"['Wolf, Michelle', 'Talev, Margaret', 'Sanders, Sarah Huckabee', 'Trump, Donald J', 'White House Correspondents Assn', 'News and News Media', 'Comedy and Humor']"
Telecom Giants To Try Merging A Second Time,"['Wireless Communications', 'Cellular Telephones', 'Mergers, Acquisitions and Divestitures', 'T-Mobile US Inc', 'Sprint Nextel Corporation', 'Legere, John J', 'Claure, Marcelo']"
"Tappan Zee Will Live On, Among Fluke and Porgies","['Tappan Zee Bridge', 'Reefs', 'Bridges and Tunnels', 'Infrastructure (Public Works)', 'Recycling of Waste Materials', 'Concrete', 'Fish and Other Marine Life', 'Water', 'Nature Conservancy', 'Tappan Zee Constructors', 'Cuomo, Andrew M', 'Atlantic Ocean', 'Erie Canal (NYS)', 'Great South Bay', 'Long Island (NY)', 'Long Island Sound']"
"150 Migrants Reach Border, Testing Trump","['Immigration and Emigration', 'Tijuana (Mexico)', 'Immigration Detention', 'Trump, Donald J', 'Asylum, Right of', 'Honduras', 'El Salvador', 'Guatemala']"
Allies Brace For Trade War As Deadline Draws Near,"['International Trade and World Market', 'United States International Relations', 'Customs (Tariff)', 'United States Economy', 'European Union', 'Trump, Donald J', 'Ross, Wilbur L Jr', 'Europe', 'Australia', 'China', 'Brazil', 'Argentina', 'Steel and Iron']"
It’s O.K. to Play in the Street,"['Boyle Heights (Los Angeles, Calif)', 'Art', 'Playgrounds', 'Children and Childhood', 'Gentrification', 'Hispanic-Americans', 'Kounkuey Design Initiative', 'Union de Vecinos', 'Los Angeles (Calif)', 'Area Planning and Renewal']"
Learning the Lessons of Seattle,"['Amazon.com Inc', 'Relocation of Business', 'Area Planning and Renewal', 'Seattle (Wash)', 'Affordable Housing', 'Computers and the Internet']"
True-Blue Liberals Turn Race In Ohio Into 2020 Proxy Test,"['Cordray, Richard', 'Kucinich, Dennis J', 'Ohio', 'Democratic Party', 'Elections, Governors', 'Politics and Government', 'Sanders, Bernard', 'Warren, Elizabeth']"
And Underwear for All,"['Crossword Puzzles', 'Lingerie and Underwear']"
What Kind of Potatoes?,"['Potatoes', 'Waiters and Waitresses', 'French Fries', 'Manhattan (NYC)']"
A Doug Jones for Tennessee. Maybe.,"['Midterm Elections (2018)', 'Bredesen, Phil', 'Blackburn, Marsha', 'Elections, Senate', 'Tennessee', 'Senate']"
"For Young Gazan at the Fence, Living or Dying Is the ‘Same Thing’","['Gaza Strip', 'Demonstrations, Protests and Riots', 'Palestinians', 'Israel', 'Border Barriers', 'Fatah, Al', 'Gerim, Saber al-']"
The Sense of Justice That We’re Losing,"['United States Politics and Government', 'Russian Interference in 2016 US Elections and Ties to Trump Associates', 'Special Prosecutors (Independent Counsel)', 'Appointments and Executive Changes', 'Presidents and Presidency (US)', 'Watergate Affair', 'Attorneys General', 'Federal Bureau of Investigation', 'Justice Department', 'Legal Profession', 'Trump, Donald J', 'Nixon, Richard Milhous', 'Levi, Edward H', 'Bell, Griffin B']"
Transgender Ban’s Problem — Facts,"['United States Defense and Military Forces', 'Transgender and Transsexuals', 'Defense Department', 'Senate Committee on Armed Services', 'Trump, Donald J', 'Benjamin, Regina M', 'United States Politics and Government']"
An Overdue Reckoning for Apu,"['Indian-Americans', 'The Simpsons (TV Program)', 'Kondabolu, Hari', 'Azaria, Hank', 'Race and Ethnicity', 'The Problem with Apu (TV Program)', 'Television', 'Comedy and Humor', 'Fox News Channel']"
"Disarmament, Nuclear Deterrents And the Fall of Libya","['Bolton, John R', 'Libya', 'North Korea', 'Nuclear Weapons', 'Qaddafi, Muammar el-', 'Arms Control and Limitation and Disarmament', 'Kim Jong-un', 'Trump, Donald J', 'United States International Relations']"
Battle Was Always Uphill To Get Gun Laws Passed,"['Gun Control', 'Brady, James S', 'Brady, Sarah (1942-2015)', 'Brady Campaign to Prevent Gun Violence', 'United States Politics and Government', 'Second Amendment (US Constitution)', 'National Rifle Assn', 'Reagan, Ronald Wilson', 'Assassinations and Attempted Assassinations', 'Hinckley, John W Jr']"
"‘Westworld’ Season 2, Episode 2 Recap: No Judgment","['Television', 'Westworld (TV Program)']"
"‘Billions’ Season 3, Episode 6 Recap: Eat or Be Eaten","['Television', 'Billions (TV Program)']"
"‘Trust’ Season 1, Episode 6 Recap: A Dead Body Focuses the Mind","['Television', 'Trust (TV Program)']"
"After Snow-Laden Nightmare, New Rules for Flights to J.F.K.","['Airlines and Airplanes', 'Snow and Snowstorms', 'Airports', 'Transportation', 'Cotton, Rick', 'Queens (NYC)', 'New York City', 'Kennedy International Airport (Queens, NY)', 'International Air Transport Assn', 'Lawrence, Huntley A']"
When Your Team Is 15 Minutes From Dying,"['Soccer', 'Lyngby BK (Soccer Team)', 'Denmark', 'Byder, Mads', 'Tauber, Mathias', 'Jorgensen, Birger']"
The Deadliest Day for Journalists in Afghanistan Since at Least 2002,"['Terrorism', 'Kabul (Afghanistan)', 'Bombs and Explosives', 'Agence France-Presse']"
"Fearing Death, and Photographing the Rituals That Surround It","['Photography', 'Funerals and Memorials', 'South Korea', 'Death and Dying', 'Park, Chanho (Photographer)']"
A Book of Emails Women Love to Hate,"['E-Mail', 'Women and Girls', 'Books and Literature']"
The Opaque World of Ownership by L.L.C.,"['Real Estate and Housing (Residential)', 'Landlords', 'Privacy', 'Hannity, Sean', 'Memphis (Tenn)', 'Foreign Investments', 'Money Laundering']"
Worried About Risky Teenage Behavior? Make School Tougher,"['Teenagers and Adolescence', 'Education (K-12)', 'Parenting', 'Drug Abuse and Traffic']"
They Survived a Massacre. Then Lawyers Started Calling.,"['Legal Profession', 'Las Vegas, Nev, Shooting (October, 2017)', 'Orlando, Fla, Shooting (2016)', 'Suits and Litigation (Civil)', 'Parkland, Fla, Shooting (2018)', 'Benedetto, Conrad J, Law Offices of', 'Groff, John (1971- )']"
"What’s Going On in This Picture? | April 30, 2018",[]
"Happy Birthday, Karl Marx. You Were Right!","['Socialism (Theory and Philosophy)', 'Capitalism (Theory and Philosophy)', 'Marx, Karl']"
Sex and Shame: What Incels and Jihadists Have in Common,"['Terrorism', 'Abstinence (Sexual)', 'Toronto, Ontario, Attack (April, 2018)', 'Sex', 'Islamic State in Iraq and Syria (ISIS)', 'Minassian, Alek', 'Toronto (Ontario)']"
Unknown,"[""Alzheimer's Disease"", 'Dementia', 'Death and Dying', 'Elderly', 'Food']"
Unknown,['New York City']
"On Being an Orphan, Frequently","['Orphans and Orphanages', 'Children and Childhood', 'Parenting', 'Books and Literature', 'Adoptions', 'Families and Family Life']"
Pompeo  Supports Israelis On Gaza,"['United States International Relations', 'Pompeo, Mike', 'Israel', 'Gaza Strip', 'Palestinians', 'Iran', 'Trump, Donald J', 'Jordan']"
Do You Gamify Your Life?,[]
Teaching Activities for: ‘Kim Prepared to Cede Nuclear Weapons if U.S. Pledges Not to Invade’,[]
"Feeling It Has an Edge, China Sets a Hard Line on U.S. Trade Demands","['China', 'International Trade and World Market', 'Economic Conditions and Trends', 'Trump, Donald J', 'Intellectual Property', 'Telephones and Telecommunications', 'Computer Chips']"
Unknown,"['Wireless Communications', 'Cellular Telephones', 'Computers and the Internet', 'Mergers, Acquisitions and Divestitures', 'Telephones and Telecommunications', 'Huawei Technologies Co Ltd', 'ZTE Corp', 'Sprint Nextel Corporation', 'T-Mobile US Inc', 'China']"
"Ditch the Wheelchair, or Find a New Place","['Elderly', 'Nursing Homes', 'Retirement Communities and Assisted Living', 'Wheelchairs', 'Disabilities', 'Americans With Disabilities Act', 'AARP', 'New York City']"
Tokyo in Texas: Distinctive Japanese Food Is Thriving in Austin,"['Restaurants', 'Japanese Food (Cuisine)', 'Sushi', 'Austin (Tex)', 'Chefs', 'Barbecue', 'Franklin Barbecue (Austin, Tex, Restaurant)']"
"After Working a Flight, Home to ‘Crew Gardens’","['Kew Gardens (Queens, NY)', 'Flight Attendants', 'Pilots', 'Airports', 'LaGuardia Airport (Queens, NY)', 'Kennedy International Airport (Queens, NY)', 'JetBlue Airways Corporation', 'New York City', 'Queens (NYC)']"
Does the Ending of ‘Avengers: Infinity War’ Spoil Itself?,"['Avengers: Infinity War (Movie)', 'Movies', 'Comic Books and Strips', 'Marvel Entertainment', 'Marvel Studios', 'Walt Disney Company', 'Feige, Kevin']"
Unknown,"['Tequila', 'Tequila Avion', 'Casamigos Spirits Co', 'Alcoholic Beverages']"
A Documenter of Afghan Victims Becomes One,"['Marai, Shah (d 2018)', 'Afghanistan War (2001- )', 'Terrorism', 'Agence France-Presse', 'Photography', 'Kabul (Afghanistan)', 'News and News Media', 'vis-multimedia', 'Deaths (Fatalities)']"
Parenting the Fortnite Addict,"['Computer and Video Games', 'Parenting', 'Children and Childhood', 'Video Recordings, Downloads and Streaming', 'Violence (Media and Entertainment)', 'Scholarships and Fellowships']"
Unknown,"['Wireless Communications', 'Cellular Telephones', 'Mergers, Acquisitions and Divestitures', 'Telephones and Telecommunications', 'Antitrust Laws and Competition Issues', 'AT&T Inc', 'Justice Department', 'Sprint Nextel Corporation', 'T-Mobile US Inc', 'Legere, John J']"
Philosophy Pays Off,"['Colleges and Universities', 'Philosophy', 'Careers and Professions']"
Disappearances Highlight the Military’s Role in Mexico’s Drug War,"['Chihuahua (Mexico)', 'Missing Persons', 'Human Rights and Human Rights Violations', 'Drug Abuse and Traffic', 'Defense and Military Forces', 'Inter-American Court of Human Rights', 'Inter-American Commission on Human Rights', 'Pena Nieto, Enrique']"
Israel Says Secret Documents Detail Iran’s Atomic Subterfuge,"['Nuclear Weapons', 'Iran', 'Israel', 'United States', 'Nuclear Nonproliferation Treaty', 'International Atomic Energy Agency', 'Netanyahu, Benjamin', 'Trump, Donald J']"
Investment Holds Steady After Tax Cut,"['Tax Cuts and Jobs Act (2017)', 'Trump, Donald J', 'United States Economy', 'Corporate Taxes', 'Gross Domestic Product', ""Standard & Poor's 500-Stock Index"", 'Caterpillar Inc', 'Verizon Communications Inc']"
God Save the Q,"['Poetry and Poets', 'Second Avenue (Manhattan, NY)']"
Let’s Look Inside,"['Mars InSight (Spacecraft)', 'Mars (Planet)', 'Earthquakes', 'Geology', 'Space and Astronomy', 'National Aeronautics and Space Administration']"
How’s That Tax Cut Working Out?,"['Corporate Taxes', 'United States Politics and Government', 'United States Economy', 'Tax Cuts and Jobs Act (2017)', 'Wages and Salaries', 'Republican Party', 'Trump, Donald J']"
Border Standoff Eases As U.S. Officials Allow Eight to Seek Asylum,"['Central America', 'Mexico', 'United States', 'Immigration and Emigration', 'Asylum, Right of', 'Customs and Border Protection (US)', 'Trump, Donald J']"
The Place That Assumes Beauty,"['Italy', 'Cometa', 'Foster Care', 'Children and Childhood', 'Vocational Training', 'Figini, Erasmo', 'Figini, Marina', 'Figini, Serena', 'Figini, Innocente']"
Another Telecom Mega-Merger,"['Wireless Communications', 'Mergers, Acquisitions and Divestitures', 'Antitrust Laws and Competition Issues', 'Telephones and Telecommunications', 'T-Mobile US Inc', 'Sprint Nextel Corporation', 'Justice Department', 'Federal Communications Commission', 'Legere, John J', 'Cellular Telephones']"
"Facebook Tightens Privacy Policy, and App Makers Are Feeling the Pinch","['Social Media', 'Facebook Inc', 'Data-Mining and Database Marketing', 'Privacy', 'Cambridge Analytica', 'Computers and the Internet']"
Truth vs. Power In the Russia Investigation,"['Russian Interference in 2016 US Elections and Ties to Trump Associates', 'United States Politics and Government', 'Presidential Election of 2016', 'Espionage and Intelligence Services', 'House Committee on Intelligence', 'Democratic Party', 'Republican Party', 'Trump, Donald J']"
‘It Couple’ Ride Trump Wave Dividing the G.O.P.,"['Schlapp, Matt (1967- )', 'Schlapp, Mercedes', 'Conservatism (US Politics)', 'United States Politics and Government', 'Trump, Donald J']"
U.S. Delaying Start of Tariffs For Key Allies,"['United States Politics and Government', 'Customs (Tariff)', 'International Trade and World Market', 'European Union', 'Canada', 'Mexico', 'Trump, Donald J', 'Aluminum', 'Steel and Iron']"
U.S. May Limit Access for Chinese Researchers,"['China', 'Research', 'Intellectual Property', 'Visas', 'Industrial Espionage', 'United States International Relations', 'Espionage and Intelligence Services', 'International Trade and World Market', 'Customs (Tariff)', 'Trump, Donald J', 'Foreign Students (in US)']"
Sheldon Silver Retrial Revisits Fraud Case,"['Bribery and Kickbacks', 'Politics and Government', 'Silver, Sheldon', 'Taub, Robert N (1936- )', 'Manhattan (NYC)', 'Glenwood Management', 'Witkoff Group', 'Weitz & Luxenberg', 'New York State', 'State Legislatures']"
Gig Economy Dealt a Blow By a Ruling In California,"['Wages and Salaries', 'Car Services and Livery Cabs', 'Labor and Jobs', 'Decisions and Verdicts', 'Suits and Litigation (Civil)', 'Corporations', 'Freelancing, Self-Employment and Independent Contracting', 'California', 'Dynamex Incorporated']"
Cardinal Faces Trial On Charges Of Sex Abuse,"['Pell, George (1941- )', 'Sex Crimes', 'Child Abuse and Neglect', 'Roman Catholic Church', 'Australia', 'Ballarat (Australia)']"
"The Questions, With Context","['Russian Interference in 2016 US Elections and Ties to Trump Associates', 'Mueller, Robert S III', 'Trump, Donald J', 'Flynn, Michael T', 'Comey, James B', 'Sessions, Jefferson B III', 'Trump, Donald J Jr', 'Manafort, Paul J', 'Cohen, Michael D (1966- )', 'Russia', 'Presidential Election of 2016', 'Kushner, Jared']"
Questions for President Show Depth of Inquiry Into Russian Meddling,"['Russian Interference in 2016 US Elections and Ties to Trump Associates', 'Mueller, Robert S III', 'United States Politics and Government', 'Trump, Donald J', 'Presidential Election of 2016', 'Special Prosecutors (Independent Counsel)', 'Justice Department', 'Russia', 'Comey, James B', 'Cohen, Michael D (1966- )', 'Sessions, Jefferson B III', 'Manafort, Paul J', 'Kushner, Jared', 'Flynn, Michael T', 'McGahn, Donald F II', 'Dowd, John M']"
Watch Out for the Obstacles,"['Crossword Puzzles', 'Stulberg, Jacob (Crossword Constructor)']"
A Competitive Team Sport. For Your Dog.,"['Dogs', 'Athletics and Sports', 'Exercise', 'Veterinary Medicine']"
"Dear Match Book: Fiction that Takes Us Back to Our Roots//Lush Historical Fiction, Rooted in Nature//Novels Steeped in Nature and History//Ancient History Reimagined//Jurassic Classics//",['Books and Literature']
This Common Question Reinforces the Gender Pay Gap,"['Discrimination', 'Wages and Salaries', 'Labor and Jobs', 'Women and Girls', 'Hiring and Promotion']"
"Anna, Llama and Me","['Friendship', 'Dewdney, Anna', 'Writing and Writers', 'Books and Literature', 'Llamas', 'Road Trips', 'Brain Cancer']"
Gen. Michael Hayden Has One Regret: Russia,"['Classified Information and State Secrets', 'Russian Interference in 2016 US Elections and Ties to Trump Associates', 'Central Intelligence Agency', 'Trump, Donald J']"
There Is Nothin’ Like a Tune,"['Books and Literature', 'Purdum, Todd S', 'Theater', 'Hammerstein, Oscar II', 'Rodgers, Richard']"
Unknown,"['Theater', 'Tony Awards (Theater Awards)', 'American Theater Wing', 'Broadway League', ""The Band's Visit (Play)"", 'Frozen (Play)', 'Mean Girls (Play)', 'SpongeBob SquarePants (Play)', 'Harry Potter and the Cursed Child (Play)', 'Awards, Decorations and Honors']"
